stage,folder,type,current_name,new_name,note
1 textures,Content/Oxi/Characters/HiddenHand/Chironex/Materials,Texture2D,EyeMorph_T,T_EyeMorph,
1 textures,Content/Oxi/Characters/HiddenHand/Chironex/Materials,Texture2D,Eye_T,T_Eye,
1 textures,Content/Oxi/Characters/HiddenHand/Chironex/Materials,Texture2D,SentryPupil_T,T_SentryPupil,
1 textures,Content/Oxi/Characters/HiddenHand/Soldier1/Materials,Texture2D,HH_Soldier1_Armor_T,T_HH_Soldier1_Armor,
1 textures,Content/Oxi/Characters/HiddenHand/Soldier1/Materials,Texture2D,HH_Soldier1_Body_T,T_HH_Soldier1_Body,
1 textures,Content/Oxi/Characters/HiddenHand/Soldier1/Materials,Texture2D,HH_Soldier1_HandsBoots_T,T_HH_Soldier1_HandsBoots,
1 textures,Content/Oxi/Characters/HiddenHand/Soldier1/Materials,Texture2D,HH_Soldier1_Head_Emissive,T_HH_Soldier1_Head_Emissive,
1 textures,Content/Oxi/Characters/HiddenHand/Soldier1/Materials,Texture2D,HH_Soldier1_Head_T,T_HH_Soldier1_Head,
1 textures,Content/Oxi/Characters/Human/IcePickBase/Base,Texture2D,IcePickBaseEye_T,T_IcePickBaseEye,
1 textures,Content/Oxi/Characters/Human/IcePickBase/Base,Texture2D,IcePickBaseFace_T,T_IcePickBaseFace,
1 textures,Content/Oxi/Characters/Human/IcePickBase/Base,Texture2D,IcePickBaseHair_T,T_IcePickBaseHair,
1 textures,Content/Oxi/Characters/Human/IcePickBase/Base,Texture2D,IcePickBaseJacket_N,T_IcePickBaseJacket_N,
1 textures,Content/Oxi/Characters/Human/IcePickBase/Base,Texture2D,IcePickBaseJacket_T,T_IcePickBaseJacket,
1 textures,Content/Oxi/Characters/Human/IcePickBase/Base,Texture2D,IcePickBase_Body_T,T_IcePickBase_Body,
1 textures,Content/Oxi/Characters/Human/IcePickBase/Base,Texture2D,IcePickBase_Pants_T,T_IcePickBase_Pants,
1 textures,Content/Oxi/Characters/Human/IcePickBase/FirstPerson/Materials,Texture2D,IcePickHandsFX_T,T_IcePickHandsFX,
1 textures,Content/Oxi/Characters/Human/IcePickBase/FirstPerson/Materials,Texture2D,IcePickHands_T,T_IcePickHands,
1 textures,Content/Oxi/Characters/Human/IcePickBase/FirstPerson/Materials,Texture2D,OxiPulse,T_OxiPulse,
1 textures,Content/Oxi/Characters/Human/IcePickBase/FirstPerson/NeedleSlam,Texture2D,Circuits_Vignette_Tex,T_Circuits_Vignette,
1 textures,Content/Oxi/Core/Textures/Colors,Texture2D,Black,T_Black,
1 textures,Content/Oxi/Core/Textures/Colors,Texture2D,Gray,T_Gray,
1 textures,Content/Oxi/Core/Textures/Colors,Texture2D,white,T_white,
1 textures,Content/Oxi/Environment,Texture2D,DefaultNormal,T_DefaultNormal,
1 textures,Content/Oxi/Environment/Destructibles/Barrels,Texture2D,DestructibleBarrelDamaged_1_T,T_DestructibleBarrelDamaged_1,
1 textures,Content/Oxi/Environment/Destructibles/Barrels,Texture2D,DestructibleBarrel_1_T,T_DestructibleBarrel_1,
1 textures,Content/Oxi/Environment/Destructibles/Crates/Crate1,Texture2D,Crate1_TexColor,T_Crate1_TexColor,
1 textures,Content/Oxi/Environment/Destructibles/Pillars/Subway,Texture2D,ConcreteInterior_Normal,T_ConcreteInterior_Normal,
1 textures,Content/Oxi/Environment/Destructibles/Pillars/Subway,Texture2D,ConcreteInterior_Tex,T_ConcreteInterior,
1 textures,Content/Oxi/Environment/Destructibles/Pillars/Subway,Texture2D,SubwayPillar1_Skel_Normal,T_SubwayPillar1_Skel_Normal,
1 textures,Content/Oxi/Environment/Destructibles/Pillars/Subway,Texture2D,SubwayPillar_AO,T_SubwayPillar_AO,
1 textures,Content/Oxi/Environment/Destructibles/Pillars/Subway,Texture2D,SubwayPillar_Albedo,T_SubwayPillar_Albedo,
1 textures,Content/Oxi/Environment/Destructibles/Pillars/Subway,Texture2D,SubwayPillar_Normal,T_SubwayPillar_Normal,
1 textures,Content/Oxi/Environment/EnvMaps,TextureCube,subway_1,TC_subway_1,
1 textures,Content/Oxi/Environment/EnvMaps,TextureCube,subway_2,TC_subway_2,
1 textures,Content/Oxi/Environment/Interactables,Texture2D,Arcade1Coinbox,T_Arcade1Coinbox,
1 textures,Content/Oxi/Environment/Interactables,Texture2D,Arcade1Coinbox_Emissive_T,T_Arcade1Coinbox_Emissive,
1 textures,Content/Oxi/Environment/Interactables,Texture2D,Arcade1Console_Emissive_T,T_Arcade1Console_Emissive,
1 textures,Content/Oxi/Environment/Interactables,Texture2D,Arcade1Console_T,T_Arcade1Console,
1 textures,Content/Oxi/Environment/Interactables,Texture2D,Arcade1FrontTop_Emissive_T,T_Arcade1FrontTop_Emissive,
1 textures,Content/Oxi/Environment/Interactables,Texture2D,Arcade1FrontTop_T,T_Arcade1FrontTop,
1 textures,Content/Oxi/Environment/Interactables,Texture2D,Arcade1Sides_T,T_Arcade1Sides,
1 textures,Content/Oxi/Environment/MassAve/Buildings,Texture2D,MassAve_CornerStore,T_MassAve_CornerStore,
1 textures,Content/Oxi/Environment/MassAve/Buildings,Texture2D,MassAve_House_1_Albedo,T_MassAve_House_1_Albedo,
1 textures,Content/Oxi/Environment/MassAve/Buildings,Texture2D,MassAve_House_2_Albedo,T_MassAve_House_2_Albedo,
1 textures,Content/Oxi/Environment/MassAve/Buildings,Texture2D,MassAve_House_3_Albedo,T_MassAve_House_3_Albedo,
1 textures,Content/Oxi/Environment/MassAve/Cars,Texture2D,Car_T,T_Car,
1 textures,Content/Oxi/Environment/MassAve/Decals,Texture2D,FreePaletineSticker,T_FreePaletineSticker,
1 textures,Content/Oxi/Environment/MassAve/Pavement,Texture2D,MassAve_Road_1_Albedo,T_MassAve_Road_1_Albedo,
1 textures,Content/Oxi/Environment/MassAve/TrafficSigns,Texture2D,TrafficLightPost_1,T_TrafficLightPost_1,
1 textures,Content/Oxi/Environment/Props,Texture2D,CashStack_Albedo,T_CashStack_Albedo,
1 textures,Content/Oxi/Environment/Props,Texture2D,Radio_Albedo,T_Radio_Albedo,
1 textures,Content/Oxi/Environment/Subway/FloorsWalls/Textures,Texture2D,PopcornCeiling1_NM,T_PopcornCeiling1_NM,
1 textures,Content/Oxi/Environment/Subway/FloorsWalls/Textures,Texture2D,PopcornCeiling_T,T_PopcornCeiling,
1 textures,Content/Oxi/Environment/Subway/FloorsWalls/Textures,Texture2D,RubberFloor_NM,T_RubberFloor_NM,
1 textures,Content/Oxi/Environment/Subway/FloorsWalls/Textures,Texture2D,RubberFloor_T,T_RubberFloor,
1 textures,Content/Oxi/Environment/Subway/FloorsWalls/Textures,Texture2D,TiledWall1_NM,T_TiledWall1_NM,
1 textures,Content/Oxi/Environment/Subway/FloorsWalls/Textures,Texture2D,TiledWall1_T,T_TiledWall1,
1 textures,Content/Oxi/Environment/Subway/Props,Texture2D,ArrivalTimeSign_Albedo,T_ArrivalTimeSign_Albedo,
1 textures,Content/Oxi/Environment/Subway/Props,Texture2D,ArrivalTimeSign_Emissive,T_ArrivalTimeSign_Emissive,
1 textures,Content/Oxi/Environment/Subway/Props,Texture2D,TicketMachine_1_BaseColor,T_TicketMachine_1_BaseColor,
1 textures,Content/Oxi/Environment/Subway/Props,Texture2D,TicketMachine_1_Emissive,T_TicketMachine_1_Emissive,
1 textures,Content/Oxi/Environment/Subway/Props,Texture2D,TrainTracks_1_Albedo,T_TrainTracks_1_Albedo,
1 textures,Content/Oxi/Environment/Subway/Props,Texture2D,TrainTracks_1_MatProp,T_TrainTracks_1_MatProp,
1 textures,Content/Oxi/Environment/Subway/Props,Texture2D,Turnstile_1_BaseColor,T_Turnstile_1_BaseColor,
1 textures,Content/Oxi/Environment/Subway/Props,Texture2D,Turnstile_1_Emissive,T_Turnstile_1_Emissive,
1 textures,Content/Oxi/Environment/Subway/Props/ElecticalBoxes,Texture2D,ElectricalBox_3_VariantLight_BaseColor,T_ElectricalBox_3_VariantLight_BaseColor,
1 textures,Content/Oxi/Environment/Subway/Props/ElecticalBoxes,Texture2D,ElectricalBox_3_VariantLight_Emissive,T_ElectricalBox_3_VariantLight_Emissive,
1 textures,Content/Oxi/Environment/Subway/Props/Lights,Texture2D,FlourescentBulb_T,T_FlourescentBulb,
1 textures,Content/Oxi/Environment/Subway/Props/Lights,Texture2D,FlourescentLight1_T,T_FlourescentLight1,
1 textures,Content/Oxi/Environment/Subway/Props/Lights,Texture2D,PlatformLight_1_Albedo,T_PlatformLight_1_Albedo,
1 textures,Content/Oxi/Environment/Subway/Props/Lights,Texture2D,PlatformLight_1_Emissive,T_PlatformLight_1_Emissive,
1 textures,Content/Oxi/Environment/Subway/Props/Signs,Texture2D,SubwaySigns1_Albedo,T_SubwaySigns1_Albedo,
1 textures,Content/Oxi/Environment/Subway/Props/Signs,Texture2D,SubwaySigns1_Emissive,T_SubwaySigns1_Emissive,
1 textures,Content/Oxi/Environment/Subway/Props/Signs,Texture2D,TrapeloStationSign_BaseColor,T_TrapeloStationSign_BaseColor,
1 textures,Content/Oxi/Environment/Subway/Props/Wires,Texture2D,Wires_NM,T_Wires_NM,
1 textures,Content/Oxi/Environment/Subway/Props/Wires,Texture2D,Wires_T,T_Wires,
1 textures,Content/Oxi/Environment/Subway/Skyline,Texture2D,Downtown_Diffuse,T_Downtown_Diffuse,
1 textures,Content/Oxi/Environment/Subway/Skyline,Texture2D,Downtown_Emissive,T_Downtown_Emissive,
1 textures,Content/Oxi/Environment/Subway/Skyline,Texture2D,Downtown_RoughnessMetal,T_Downtown_RoughnessMetal,
1 textures,Content/Oxi/Environment/Subway/Structures/Entry,Texture2D,Entry_PlatformStairWalls_BaseColor,T_Entry_PlatformStairWalls_BaseColor,
1 textures,Content/Oxi/Environment/Subway/Structures/Entry,Texture2D,Entry_PlatformStairWalls_DetailEmissive,T_Entry_PlatformStairWalls_DetailEmissive,
1 textures,Content/Oxi/Environment/Subway/Structures/Entry,Texture2D,Entry_PlatformStairWalls_Emissive,T_Entry_PlatformStairWalls_Emissive,
1 textures,Content/Oxi/Environment/Subway/Structures/Entry,Texture2D,Entry_PlatformStairWalls_Normal,T_Entry_PlatformStairWalls_Normal,
1 textures,Content/Oxi/Environment/Subway/Structures/Entry,Texture2D,Entry_PlatformStairs_BaseColor,T_Entry_PlatformStairs_BaseColor,
1 textures,Content/Oxi/Environment/Subway/Structures/Entry,Texture2D,Entry_PlatformStairs_Emissive,T_Entry_PlatformStairs_Emissive,
1 textures,Content/Oxi/Environment/Subway/Structures/Entry,Texture2D,Entry_StairDoor_BaseColor,T_Entry_StairDoor_BaseColor,
1 textures,Content/Oxi/Environment/Subway/Structures/Entry,Texture2D,Entry_StairWalls_BaseColor,T_Entry_StairWalls_BaseColor,
1 textures,Content/Oxi/Environment/Subway/Structures/Entry,Texture2D,Entry_StairWalls_Normals,T_Entry_StairWalls_Normals,
1 textures,Content/Oxi/Environment/Subway/Structures/Entry,Texture2D,Entry_Stairs_BaseColor,T_Entry_Stairs_BaseColor,
1 textures,Content/Oxi/Environment/Subway/Structures/Entry/EntryRoom,Texture2D,EntryRoom_FloorCeiling_Albedo,T_EntryRoom_FloorCeiling_Albedo,
1 textures,Content/Oxi/Environment/Subway/Structures/Entry/EntryRoom,Texture2D,EntryRoom_FloorCeiling_MatProps,T_EntryRoom_FloorCeiling_MatProps,
1 textures,Content/Oxi/Environment/Subway/Structures/Entry/EntryRoom,Texture2D,EntryRoom_FloorCeiling_Normals,T_EntryRoom_FloorCeiling_Normals,
1 textures,Content/Oxi/Environment/Subway/Structures/Entry/EntryRoom,Texture2D,EntryRoom_Walls_Albedo,T_EntryRoom_Walls_Albedo,
1 textures,Content/Oxi/Environment/Subway/Structures/Entry/EntryRoom,Texture2D,EntryRoom_Walls_MatProp,T_EntryRoom_Walls_MatProp,
1 textures,Content/Oxi/Environment/Subway/Structures/Entry/EntryRoom,Texture2D,EntryRoom_Walls_Normal,T_EntryRoom_Walls_Normal,
1 textures,Content/Oxi/Environment/Subway/Structures/Platform,Texture2D,Platform_Ceiling_Albedo,T_Platform_Ceiling_Albedo,
1 textures,Content/Oxi/Environment/Subway/Structures/Platform,Texture2D,Platform_Ceiling_MatProp,T_Platform_Ceiling_MatProp,
1 textures,Content/Oxi/Environment/Subway/Structures/Platform,Texture2D,Platform_Ceiling_Normal,T_Platform_Ceiling_Normal,
1 textures,Content/Oxi/Environment/Subway/Structures/Platform,Texture2D,Platform_Tunnel_Albedo,T_Platform_Tunnel_Albedo,
1 textures,Content/Oxi/Environment/Subway/Structures/Platform,Texture2D,Platform_Tunnel_MatProp,T_Platform_Tunnel_MatProp,
1 textures,Content/Oxi/Environment/Subway/Structures/Platform,Texture2D,Platform_Walkway_BaseColor,T_Platform_Walkway_BaseColor,
1 textures,Content/Oxi/Environment/Subway/Structures/Platform,Texture2D,Platform_Walkway_Emissive,T_Platform_Walkway_Emissive,
1 textures,Content/Oxi/Environment/Subway/Structures/Platform,Texture2D,Platform_Walkway_MetalRoughness,T_Platform_Walkway_MetalRoughness,
1 textures,Content/Oxi/Environment/Subway/Structures/Platform,Texture2D,Platform_Walkway_Normal,T_Platform_Walkway_Normal,
1 textures,Content/Oxi/Environment/Subway/Trains/Materials,Texture2D,RedLineTrain_Exterior_Albedo,T_RedLineTrain_Exterior_Albedo,
1 textures,Content/Oxi/Environment/Subway/Trains/Materials,Texture2D,RedLineTrain_Windows_Albedo,T_RedLineTrain_Windows_Albedo,
1 textures,Content/Oxi/Environment/Subway/Trains/Materials,Texture2D,RedLineTrain_Windows_Emissive,T_RedLineTrain_Windows_Emissive,
1 textures,Content/Oxi/Gameplay/MiniGames/FlippinBirds,Texture2D,Car_T,T_Car,
1 textures,Content/Oxi/Gameplay/MiniGames/FlippinBirds,Texture2D,PinkyMobile_Emissive_T,T_PinkyMobile_Emissive,
1 textures,Content/Oxi/Media/Ads,Texture2D,Boston,T_Boston,
1 textures,Content/Oxi/Media/Ads,Texture2D,BostonAd_Emissive,T_BostonAd_Emissive,
1 textures,Content/Oxi/Media/Ads,Texture2D,BrainAd_Diffuse,T_BrainAd_Diffuse,
1 textures,Content/Oxi/Media/Ads,Texture2D,BrainAd_FXMask,T_BrainAd_FXMask,
1 textures,Content/Oxi/Media/Ads,Texture2D,ELP_Ad,T_ELP_Ad,
1 textures,Content/Oxi/Media/Ads,Texture2D,FlippinBirdsAd,T_FlippinBirdsAd,
1 textures,Content/Oxi/Media/Ads,Texture2D,JizzoDaRoula,T_JizzoDaRoula,
1 textures,Content/Oxi/Media/Ads,Texture2D,SheepAndFoxShowAd,T_SheepAndFoxShowAd,
1 textures,Content/Oxi/Media/Ads,Texture2D,SnakyIO,T_SnakyIO,
1 textures,Content/Oxi/Media/Ads,Texture2D,SnakyIO_Emissive,T_SnakyIO_Emissive,
1 textures,Content/Oxi/Media/Ads,Texture2D,Title,T_Title,
1 textures,Content/Oxi/Media/Ads,Texture2D,TransColorWheel,T_TransColorWheel,
1 textures,Content/Oxi/Media/GetTheBag,Texture2D,IcePick_Eye_Color,T_IcePick_Eye_Color,
1 textures,Content/Oxi/Media/GetTheBag,Texture2D,IcePick_Face_Color,T_IcePick_Face_Color,
1 textures,Content/Oxi/Media/GetTheBag,Texture2D,IcePick_Jewelry_Color,T_IcePick_Jewelry_Color,
1 textures,Content/Oxi/Media/GetTheBag,Texture2D,IcePick_Jewelry_Emissive,T_IcePick_Jewelry_Emissive,
1 textures,Content/Oxi/Media/GetTheBag,Texture2D,IcePick_Shades,T_IcePick_Shades,
1 textures,Content/Oxi/Media/GetTheBag,Texture2D,IcePick_StreetOutfit_Color,T_IcePick_StreetOutfit_Color,
1 textures,Content/Oxi/Media/Videos/TheSheepAndFoxArcade,MediaTexture,TheSheepAndFoxArcade_Tex,MT_TheSheepAndFoxArcade_Tex,
1 textures,Content/Oxi/UI/HUD,Texture2D,DamageIndicator_Tex,T_DamageIndicator,
1 textures,Content/Oxi/UI/HUD/Health,Texture2D,Health_Icon_Tex,T_Health_Icon,
1 textures,Content/Oxi/UI/HUD/Health,Texture2D,Heart_Circuits_Tex,T_Heart_Circuits,
1 textures,Content/Oxi/UI/HUD/Health,Texture2D,Heart_Pulse_Tex,T_Heart_Pulse,
1 textures,Content/Oxi/UI/HUD/Scopes,Texture2D,PistolScope_Backplate_Te,T_PistolScope_Backplate_Te,
1 textures,Content/Oxi/UI/HUD/Scopes,Texture2D,ScopeProjector_,T_ScopeProjector_,
1 textures,Content/Oxi/UI/HUD/Scopes,Texture2D,Scope_Tex,T_Scope,
1 textures,Content/Oxi/UI/HUD/Weapons,Texture2D,BackPlate,T_BackPlate,
1 textures,Content/Oxi/UI/HUD/Weapons,Texture2D,Pistol_Icon_Tex,T_Pistol_Icon,
1 textures,Content/Oxi/UI/HUD/Weapons,Texture2D,Rifle_Icon,T_Rifle_Icon,
1 textures,Content/Oxi/UI/HUD/Weapons,Texture2D,Shotty_Icon_Tex,T_Shotty_Icon,
1 textures,Content/Oxi/VFX/Beams,Texture2D,OrangeBeam_Atlas_VW,T_OrangeBeam_Atlas_VW,
1 textures,Content/Oxi/VFX/Glow,Texture2D,Glow1_T,T_Glow1,
1 textures,Content/Oxi/VFX/Glow,Texture2D,OrangeBasic1,T_OrangeBasic1,
1 textures,Content/Oxi/VFX/Glow,Texture2D,OrangeBasic2,T_OrangeBasic2,
1 textures,Content/Oxi/VFX/Glow,Texture2D,OrangeBasic3,T_OrangeBasic3,
1 textures,Content/Oxi/VFX/Impact/Parallax,Texture2D,impact_color_height,T_impact_color_height,
1 textures,Content/Oxi/VFX/Impact/Parallax,Texture2D,impact_mask,T_impact_mask,
1 textures,Content/Oxi/VFX/Impact/Parallax,Texture2D,impact_normal,T_impact_normal,
1 textures,Content/Oxi/VFX/Impact/Parallax,Texture2D,impact_normal_2,T_impact_normal_2,
1 textures,Content/Oxi/VFX/Noise,Texture2D,BasicNoise1_T,T_BasicNoise1,
1 textures,Content/Oxi/VFX/Noise,Texture2D,CloudNoise1_Normal,T_CloudNoise1_Normal,
1 textures,Content/Oxi/VFX/Noise,Texture2D,CloudNoise1_T,T_CloudNoise1,
1 textures,Content/Oxi/VFX/Noise,Texture2D,CloudNoise2_Normal,T_CloudNoise2_Normal,
1 textures,Content/Oxi/VFX/Noise,Texture2D,SwirlNoise_T,T_SwirlNoise,
1 textures,Content/Oxi/VFX/PostProcess,Texture2D,Scanline,T_Scanline,
1 textures,Content/Oxi/VFX/PostProcess,Texture2D,Vignette_Tex,T_Vignette,
1 textures,Content/Oxi/VFX/Smears,Texture2D,SmearStreak_1,T_SmearStreak_1,
1 textures,Content/Oxi/VFX/Smears,Texture2D,SmearStreak_2,T_SmearStreak_2,
1 textures,Content/Oxi/VFX/Smears,Texture2D,SmearStreak_3,T_SmearStreak_3,
1 textures,Content/Oxi/VFX/Smoke,Texture2D,CloudPuff_1,T_CloudPuff_1,
1 textures,Content/Oxi/VFX/Smoke,Texture2D,CloudPuff_2,T_CloudPuff_2,
1 textures,Content/Oxi/VFX/Smoke,Texture2D,Shape1,T_Shape1,
1 textures,Content/Oxi/VFX/Smoke,Texture2D,SmokePuff_1,T_SmokePuff_1,
1 textures,Content/Oxi/VFX/Smoke,Texture2D,SmokeTrailAtlas,T_SmokeTrailAtlas,
1 textures,Content/Oxi/VFX/Splatters,Texture2D,Splatter1,T_Splatter1,
1 textures,Content/Oxi/VFX/Splatters,Texture2D,Splatter2,T_Splatter2,
1 textures,Content/Oxi/VFX/Splatters,Texture2D,Splatter3,T_Splatter3,
1 textures,Content/Oxi/VFX/Splatters,Texture2D,SplatterBlob,T_SplatterBlob,
1 textures,Content/Oxi/VFX/Splatters,Texture2D,SplatterBlob2,T_SplatterBlob2,
1 textures,Content/Oxi/VFX/Techy,Texture2D,Electricity_1,T_Electricity_1,
1 textures,Content/Oxi/VFX/Techy,Texture2D,Tech1,T_Tech1,
1 textures,Content/Oxi/VFX/Wisps,Texture2D,Wisp1,T_Wisp1,
1 textures,Content/Oxi/Vehicles/ElpWhip,Texture2D,ELPWhip_Albedo,T_ELPWhip_Albedo,
1 textures,Content/Oxi/Weapons/EL_Pistol/HUD,Texture2D,BaseCrosshairVertical_Tex,T_BaseCrosshairVertical,
1 textures,Content/Oxi/Weapons/EL_Pistol/HUD,Texture2D,BaseCrosshairsHorizontal_Tex,T_BaseCrosshairsHorizontal,
1 textures,Content/Oxi/Weapons/EL_Pistol/HUD,Texture2D,PistolCrosshair_Corner_Tex,T_PistolCrosshair_Corner,
1 textures,Content/Oxi/Weapons/EL_Pistol/HUD,Texture2D,Pistol_CrosshairCenter_Tex,T_Pistol_CrosshairCenter,
1 textures,Content/Oxi/Weapons/EL_Pistol/Materials,Texture2D,ELPPistolShellEmissive_T,T_ELPPistolShellEmissive,
1 textures,Content/Oxi/Weapons/EL_Pistol/Materials,Texture2D,ELPPistolShell_T,T_ELPPistolShell,
1 textures,Content/Oxi/Weapons/EL_Pistol/Materials,Texture2D,ELPistol_Base_T,T_ELPistol_Base,
1 textures,Content/Oxi/Weapons/EL_Shotty/Materials,Texture2D,EL_DblBarrelShotgun_Color,T_EL_DblBarrelShotgun_Color,
1 textures,Content/Oxi/Weapons/ElpKnife/Materials,Texture2D,ElpKnife_Albedo,T_ElpKnife_Albedo,
1 textures,Content/Oxi/Weapons/ElpKnife/Materials,Texture2D,ElpKnife_Emissive,T_ElpKnife_Emissive,
2 materials,Content/Oxi/Characters/HiddenHand/Chironex/Materials,MaterialFunction,EyeScroll_MF,MF_EyeScroll,
2 materials,Content/Oxi/Characters/HiddenHand/Chironex/Materials,MaterialFunction,FresnelOutline_MF,MF_FresnelOutline,
2 materials,Content/Oxi/Characters/HiddenHand/Chironex/Materials,Material,SentryBlood_M,M_SentryBlood,
2 materials,Content/Oxi/Characters/HiddenHand/Chironex/Materials,MaterialInstanceConstant,SentryEyeGibs_MI,MI_SentryEyeGibs,
2 materials,Content/Oxi/Characters/HiddenHand/Chironex/Materials,Material,SentryEye_M,M_SentryEye,
2 materials,Content/Oxi/Characters/HiddenHand/Chironex/Materials,MaterialInstanceConstant,SentryEye_MI,MI_SentryEye,
2 materials,Content/Oxi/Characters/HiddenHand/Chironex/Materials,Material,SentryHotBlood_M,M_SentryHotBlood,
2 materials,Content/Oxi/Characters/HiddenHand/Chironex/Materials,MaterialInstanceConstant,SentryHotBlood_MI,MI_SentryHotBlood,
2 materials,Content/Oxi/Characters/HiddenHand/Chironex/Materials,Material,SentryPupil_M,M_SentryPupil,
2 materials,Content/Oxi/Characters/HiddenHand/Chironex/Materials,MaterialInstanceConstant,SentryPupil_MI,MI_SentryPupil,
2 materials,Content/Oxi/Characters/HiddenHand/Chironex/Materials,Material,SentryTentacle_M,M_SentryTentacle,
2 materials,Content/Oxi/Characters/HiddenHand/Chironex/Materials,MaterialInstanceConstant,SentryTentacle_MI,MI_SentryTentacle,
2 materials,Content/Oxi/Characters/HiddenHand/Chironex/Meshes,Material,Pupil,M_Pupil,
2 materials,Content/Oxi/Characters/HiddenHand/Chironex/VFX,MaterialInstanceConstant,ChironexBloodSpray2_MI,MI_ChironexBloodSpray2,
2 materials,Content/Oxi/Characters/HiddenHand/Chironex/VFX,Material,ChironexBloodSpray_M,M_ChironexBloodSpray,
2 materials,Content/Oxi/Characters/HiddenHand/Chironex/VFX,MaterialInstanceConstant,ChironexBloodSpray_MI,MI_ChironexBloodSpray,
2 materials,Content/Oxi/Characters/HiddenHand/Chironex/VFX,Material,ChironexGibSpray_M,M_ChironexGibSpray,
2 materials,Content/Oxi/Characters/HiddenHand/Chironex/VFX,MaterialInstanceConstant,ChironexGibSpray_MI,MI_ChironexGibSpray,
2 materials,Content/Oxi/Characters/HiddenHand/Chironex/VFX,Material,DeathSmoke_M,M_DeathSmoke,
2 materials,Content/Oxi/Characters/HiddenHand/Chironex/VFX,MaterialInstanceConstant,DeathSmoke_MI,MI_DeathSmoke,
2 materials,Content/Oxi/Characters/HiddenHand/Chironex/VFX,MaterialInstanceConstant,SentryBlood_MI,MI_SentryBlood,
2 materials,Content/Oxi/Characters/HiddenHand/Chironex/VFX,MaterialInstanceConstant,TentacleBlood_MI,MI_TentacleBlood,
2 materials,Content/Oxi/Characters/HiddenHand/Soldier1/Materials,MaterialInstanceConstant,HH_Soldier1_Armor_MI,MI_HH_Soldier1_Armor,
2 materials,Content/Oxi/Characters/HiddenHand/Soldier1/Materials,MaterialInstanceConstant,HH_Soldier1_BaseOutline_MI,MI_HH_Soldier1_BaseOutline,
2 materials,Content/Oxi/Characters/HiddenHand/Soldier1/Materials,MaterialInstanceConstant,HH_Soldier1_Base_MI,MI_HH_Soldier1_Base,
2 materials,Content/Oxi/Characters/HiddenHand/Soldier1/Materials,MaterialInstanceConstant,HH_Soldier1_BodyOutline_MI,MI_HH_Soldier1_BodyOutline,
2 materials,Content/Oxi/Characters/HiddenHand/Soldier1/Materials,MaterialInstanceConstant,HH_Soldier1_Body_MI,MI_HH_Soldier1_Body,
2 materials,Content/Oxi/Characters/HiddenHand/Soldier1/Materials,MaterialInstanceConstant,HH_Soldier1_BootsHands_MI,MI_HH_Soldier1_BootsHands,
2 materials,Content/Oxi/Characters/HiddenHand/Soldier1/Materials,MaterialInstanceConstant,HH_Soldier1_Head_MI,MI_HH_Soldier1_Head,
2 materials,Content/Oxi/Characters/HiddenHand/Soldier1/Materials,MaterialInstanceConstant,HH_Solider1_HeadOutline_MI,MI_HH_Solider1_HeadOutline,
2 materials,Content/Oxi/Characters/Human/IcePickBase/Base,MaterialInstanceConstant,IcePickBaseBody_MI,MI_IcePickBaseBody,
2 materials,Content/Oxi/Characters/Human/IcePickBase/Base,MaterialInstanceConstant,IcePickBaseEye_MI,MI_IcePickBaseEye,
2 materials,Content/Oxi/Characters/Human/IcePickBase/Base,MaterialInstanceConstant,IcePickBaseFace_MI,MI_IcePickBaseFace,
2 materials,Content/Oxi/Characters/Human/IcePickBase/Base,MaterialInstanceConstant,IcePickBaseHair_MI,MI_IcePickBaseHair,
2 materials,Content/Oxi/Characters/Human/IcePickBase/Base,MaterialInstanceConstant,IcePickBaseJacket_MI,MI_IcePickBaseJacket,
2 materials,Content/Oxi/Characters/Human/IcePickBase/Base,MaterialInstanceConstant,IcePickBaseShoes_MI,MI_IcePickBaseShoes,
2 materials,Content/Oxi/Characters/Human/IcePickBase/FirstPerson/Materials,MaterialInstanceConstant,IcePickHands_MI,MI_IcePickHands,
2 materials,Content/Oxi/Characters/Human/IcePickBase/FirstPerson/Materials,Material,Master_Hands_M,M_Master_Hands,
2 materials,Content/Oxi/Characters/Human/IcePickBase/FirstPerson/NeedleSlam,MaterialInstanceConstant,Circuits_Vignette_MatInst,MI_Circuits_Vignette,
2 materials,Content/Oxi/Characters/Human/IcePickBase/FirstPerson/NeedleSlam,MaterialInstanceConstant,NeedleGlass_MatInst,MI_NeedleGlass,
2 materials,Content/Oxi/Characters/Human/IcePickBase/FirstPerson/NeedleSlam,MaterialInstanceConstant,NeedleHandle_MatInst,MI_NeedleHandle,
2 materials,Content/Oxi/Characters/Human/IcePickBase/FirstPerson/NeedleSlam,MaterialInstanceConstant,NeedleLiquid_MatInst,MI_NeedleLiquid,
2 materials,Content/Oxi/Characters/Human/IcePickBase/FirstPerson/NeedleSlam,MaterialInstanceConstant,NeedlePoint_MatInst,MI_NeedlePoint,
2 materials,Content/Oxi/Characters/NPCs/Meshes,MaterialInstanceConstant,Prison_TankTop_M_Inst,MI_Prison_TankTop,
2 materials,Content/Oxi/Core/Materials,Material,Master_Human,M_Master_Human,
2 materials,Content/Oxi/Core/Materials,MaterialFunction,WoundClip_MF,MF_WoundClip,
2 materials,Content/Oxi/Environment,Material,EnvironmentTransparent_M,M_EnvironmentTransparent,
2 materials,Content/Oxi/Environment,Material,Environment_M,M_Environment,
2 materials,Content/Oxi/Environment/Blockout,Material,BlockOut_Mat,M_BlockOut,
2 materials,Content/Oxi/Environment/Blockout,Material,CubeMaterial,M_CubeMaterial,
2 materials,Content/Oxi/Environment/Blockout,MaterialInstanceConstant,DarkDarkGray_Mat,MI_DarkDarkGray_Mat,
2 materials,Content/Oxi/Environment/Blockout,Material,InvisibleMaterial,M_InvisibleMaterial,
2 materials,Content/Oxi/Environment/Blockout,Material,SwitchOff_Mat,M_SwitchOff,
2 materials,Content/Oxi/Environment/Blockout,Material,SwitchOn_Mat,M_SwitchOn,
2 materials,Content/Oxi/Environment/Blockout/Subway,Material,Environment_Mat,M_Environment,
2 materials,Content/Oxi/Environment/Blockout/Subway,MaterialInstanceConstant,RedLine_TunnelLightBulb_MI,MI_RedLine_TunnelLightBulb,
2 materials,Content/Oxi/Environment/Destructibles/Barrels,MaterialInstanceConstant,DestructibleBarrelDamaged_1_MI,MI_DestructibleBarrelDamaged_1,
2 materials,Content/Oxi/Environment/Destructibles/Barrels,MaterialInstanceConstant,DestructibleBarrel_1_MI,MI_DestructibleBarrel_1,
2 materials,Content/Oxi/Environment/Destructibles/Barrels,Material,DestructibleBarrel_M,M_DestructibleBarrel,
2 materials,Content/Oxi/Environment/Destructibles/Crates/Crate1,Material,Crate1_TexColor_Mat,M_Crate1_TexColor,
2 materials,Content/Oxi/Environment/Destructibles/Crates/Crate1,MaterialInstanceConstant,Crate1_TexColor_Mat_Inst,MI_Crate1_TexColor_Mat,
2 materials,Content/Oxi/Environment/Destructibles/Pillars/Subway,MaterialInstanceConstant,ConcreteInterior_MI,MI_ConcreteInterior,
2 materials,Content/Oxi/Environment/Destructibles/Pillars/Subway,MaterialInstanceConstant,PillarSmoke2_MI,MI_PillarSmoke2,
2 materials,Content/Oxi/Environment/Destructibles/Pillars/Subway,MaterialInstanceConstant,PillarSmoke_MI,MI_PillarSmoke,
2 materials,Content/Oxi/Environment/Destructibles/Pillars/Subway,MaterialInstanceConstant,SubwayPillar1_MI,MI_SubwayPillar1,
2 materials,Content/Oxi/Environment/Destructibles/Pillars/Subway,MaterialInstanceConstant,SubwayPillar1_Skel_MI,MI_SubwayPillar1_Skel,
2 materials,Content/Oxi/Environment/Interactables,MaterialInstanceConstant,Arcade1Console_MI,MI_Arcade1Console,
2 materials,Content/Oxi/Environment/Interactables,MaterialInstanceConstant,Arcade1Front_MI,MI_Arcade1Front,
2 materials,Content/Oxi/Environment/Interactables,MaterialInstanceConstant,Arcade1Sides_MI,MI_Arcade1Sides,
2 materials,Content/Oxi/Environment/Interactables,MaterialInstanceConstant,Arcade_Console1_CoinBox_MI,MI_Arcade_Console1_CoinBox,
2 materials,Content/Oxi/Environment/MassAve/Buildings,MaterialInstanceConstant,MassAve_CornerStore_M_Inst,MI_MassAve_CornerStore,
2 materials,Content/Oxi/Environment/MassAve/Buildings,MaterialInstanceConstant,MassAve_House2_M_Inst,MI_MassAve_House2,
2 materials,Content/Oxi/Environment/MassAve/Buildings,MaterialInstanceConstant,MassAve_House3_M_Inst,MI_MassAve_House3,
2 materials,Content/Oxi/Environment/MassAve/Buildings,MaterialInstanceConstant,MassAve_House_1_M_Inst,MI_MassAve_House_1,
2 materials,Content/Oxi/Environment/MassAve/Cars,MaterialInstanceConstant,PinkyMobile_MI,MI_PinkyMobile,
2 materials,Content/Oxi/Environment/MassAve/Cars,MaterialInstanceConstant,PinkyMobile_MI1,MI_PinkyMobile_MI1,
2 materials,Content/Oxi/Environment/MassAve/Decals,Material,FreePaletineSticker_Mat,M_FreePaletineSticker,
2 materials,Content/Oxi/Environment/MassAve/Pavement,Material,MassAve_Road_1_Albedo_Mat,M_MassAve_Road_1_Albedo,
2 materials,Content/Oxi/Environment/MassAve/Pavement,MaterialInstanceConstant,MassAve_Road_1_M_Inst,MI_MassAve_Road_1,
2 materials,Content/Oxi/Environment/MassAve/TrafficSigns,MaterialInstanceConstant,TrafficLightPost_1_M_Inst,MI_TrafficLightPost_1,
2 materials,Content/Oxi/Environment/Props,MaterialInstanceConstant,CashStack_M_Inst,MI_CashStack,
2 materials,Content/Oxi/Environment/Props,MaterialInstanceConstant,Radio_M_inst,MI_Radio,
2 materials,Content/Oxi/Environment/Subway,Material,PopcornCeiling1_MI,M_PopcornCeiling1_MI,
2 materials,Content/Oxi/Environment/Subway/FX,MaterialInstanceConstant,Spark_MI,MI_Spark,
2 materials,Content/Oxi/Environment/Subway/FloorsWalls/Materials,MaterialInstanceConstant,PopcornCeiling1_MI,MI_PopcornCeiling1,
2 materials,Content/Oxi/Environment/Subway/FloorsWalls/Materials,MaterialInstanceConstant,RubberFloor1_MI,MI_RubberFloor1,
2 materials,Content/Oxi/Environment/Subway/FloorsWalls/Materials,MaterialInstanceConstant,TiledWall1_MI,MI_TiledWall1,
2 materials,Content/Oxi/Environment/Subway/Props,MaterialInstanceConstant,BluefinArrivalSign_Mat_Inst,MI_BluefinArrivalSign_Mat,
2 materials,Content/Oxi/Environment/Subway/Props,MaterialInstanceConstant,ConnollyArrivalSign_Mat_Inst,MI_ConnollyArrivalSign_Mat,
2 materials,Content/Oxi/Environment/Subway/Props,MaterialInstanceConstant,TicketMachine_1_MatInst,MI_TicketMachine_1,
2 materials,Content/Oxi/Environment/Subway/Props,MaterialInstanceConstant,TrainTracks_1_MatInst,MI_TrainTracks_1,
2 materials,Content/Oxi/Environment/Subway/Props,MaterialInstanceConstant,Turnstile_1_MatInst,MI_Turnstile_1,
2 materials,Content/Oxi/Environment/Subway/Props,MaterialInstanceConstant,Turnstile_GreenLaser_Mat_Inst,MI_Turnstile_GreenLaser_Mat,
2 materials,Content/Oxi/Environment/Subway/Props,MaterialFunction,Turnstile_LaserParticulate_MF,MF_Turnstile_LaserParticulate,
2 materials,Content/Oxi/Environment/Subway/Props,Material,Turnstile_Laser_Mat,M_Turnstile_Laser,
2 materials,Content/Oxi/Environment/Subway/Props,MaterialInstanceConstant,Turnstile_RedLaser_Mat_Inst,MI_Turnstile_RedLaser_Mat,
2 materials,Content/Oxi/Environment/Subway/Props/ElecticalBoxes,MaterialInstanceConstant,ElectricalBox_1_MatInst,MI_ElectricalBox_1,
2 materials,Content/Oxi/Environment/Subway/Props/ElecticalBoxes,MaterialInstanceConstant,ElectricalBox_2_MatInst,MI_ElectricalBox_2,
2 materials,Content/Oxi/Environment/Subway/Props/ElecticalBoxes,MaterialInstanceConstant,ElectricalBox_3_MatInst,MI_ElectricalBox_3,
2 materials,Content/Oxi/Environment/Subway/Props/ElecticalBoxes,MaterialInstanceConstant,ElectricalBox_3_VariantLight_MatInst,MI_ElectricalBox_3_VariantLight,
2 materials,Content/Oxi/Environment/Subway/Props/Lights,MaterialInstanceConstant,FlourescentBulb_MI,MI_FlourescentBulb,
2 materials,Content/Oxi/Environment/Subway/Props/Lights,MaterialInstanceConstant,FlourescentLight1_MI,MI_FlourescentLight1,
2 materials,Content/Oxi/Environment/Subway/Props/Lights,MaterialInstanceConstant,PlatformLight_1_MI,MI_PlatformLight_1,
2 materials,Content/Oxi/Environment/Subway/Props/Pipes,MaterialInstanceConstant,Pipe_1_Clamp_MatInst,MI_Pipe_1_Clamp,
2 materials,Content/Oxi/Environment/Subway/Props/Pipes,MaterialInstanceConstant,Pipe_1_MatInst,MI_Pipe_1,
2 materials,Content/Oxi/Environment/Subway/Props/Signs,MaterialInstanceConstant,DangerSign_Mati,MI_DangerSign,
2 materials,Content/Oxi/Environment/Subway/Props/Signs,Material,SubwaySign_Mat,M_SubwaySign,
2 materials,Content/Oxi/Environment/Subway/Props/Signs,MaterialInstanceConstant,ToBluiefinSign_Mat_Inst,MI_ToBluiefinSign_Mat,
2 materials,Content/Oxi/Environment/Subway/Props/Signs,MaterialInstanceConstant,TrapeloSign_Mat_Inst,MI_TrapeloSign_Mat,
2 materials,Content/Oxi/Environment/Subway/Props/Signs,MaterialInstanceConstant,TrapeloStationSign_MI,MI_TrapeloStationSign,
2 materials,Content/Oxi/Environment/Subway/Props/Wires,MaterialInstanceConstant,HangingWires_MatI,MI_HangingWires,
2 materials,Content/Oxi/Environment/Subway/Skyline,MaterialInstanceConstant,CitySmoke_Mat_Inst,MI_CitySmoke_Mat,
2 materials,Content/Oxi/Environment/Subway/Skyline,MaterialInstanceConstant,Fire,MI_Fire,
2 materials,Content/Oxi/Environment/Subway/Skyline,Material,Material,M_Material,
2 materials,Content/Oxi/Environment/Subway/Skyline,MaterialInstanceConstant,SkylineBuilding_Mat_Inst,MI_SkylineBuilding_Mat,
2 materials,Content/Oxi/Environment/Subway/Skyline,Material,SkylineWater_Mat,M_SkylineWater,
2 materials,Content/Oxi/Environment/Subway/Skyline,MaterialInstanceConstant,SkylineWater_Mat_Inst,MI_SkylineWater_Mat,
2 materials,Content/Oxi/Environment/Subway/Skyline,MaterialInstanceConstant,Skyline_Ground_Mat_Inst,MI_Skyline_Ground_Mat,
2 materials,Content/Oxi/Environment/Subway/Structures/Entry,MaterialInstanceConstant,Entry_PlatformStairsWalls,MI_Entry_PlatformStairsWalls,
2 materials,Content/Oxi/Environment/Subway/Structures/Entry,MaterialInstanceConstant,Entry_PlatformStairs_MatInst,MI_Entry_PlatformStairs,
2 materials,Content/Oxi/Environment/Subway/Structures/Entry,MaterialInstanceConstant,Entry_StairDoorWindow_MatInst,MI_Entry_StairDoorWindow,
2 materials,Content/Oxi/Environment/Subway/Structures/Entry,MaterialInstanceConstant,Entry_StairsDoor_MatInst,MI_Entry_StairsDoor,
2 materials,Content/Oxi/Environment/Subway/Structures/Entry,MaterialInstanceConstant,Entry_Stairs_MatInst,MI_Entry_Stairs,
2 materials,Content/Oxi/Environment/Subway/Structures/Entry,MaterialInstanceConstant,Entry_Stairs_Wall_MatInst,MI_Entry_Stairs_Wall,
2 materials,Content/Oxi/Environment/Subway/Structures/Entry,MaterialInstanceConstant,WallGlowLight_MatInst,MI_WallGlowLight,
2 materials,Content/Oxi/Environment/Subway/Structures/Entry/EntryRoom,MaterialInstanceConstant,EntryRoom_FloorCeiling_MatInst,MI_EntryRoom_FloorCeiling,
2 materials,Content/Oxi/Environment/Subway/Structures/Entry/EntryRoom,MaterialInstanceConstant,EntryRoom_Walls_MatInst,MI_EntryRoom_Walls,
2 materials,Content/Oxi/Environment/Subway/Structures/Platform,MaterialInstanceConstant,Platform_Tunnel_Ceiling_Mati,MI_Platform_Tunnel_Ceiling,
2 materials,Content/Oxi/Environment/Subway/Structures/Platform,MaterialInstanceConstant,Platform_Tunnel_MI,MI_Platform_Tunnel,
2 materials,Content/Oxi/Environment/Subway/Structures/Platform,MaterialInstanceConstant,Platform_Tunnel_StairGap_Mati,MI_Platform_Tunnel_StairGap,
2 materials,Content/Oxi/Environment/Subway/Structures/Platform,MaterialInstanceConstant,Platform_Walkway_Mati,MI_Platform_Walkway,
2 materials,Content/Oxi/Environment/Subway/Structures/Platform,Material,Tunnel,M_Tunnel,
2 materials,Content/Oxi/Environment/Subway/Trains/Materials,MaterialInstanceConstant,RedLineTrain_Exterior_M_Inst,MI_RedLineTrain_Exterior,
2 materials,Content/Oxi/Environment/Subway/Trains/Materials,MaterialInstanceConstant,RedLineTrain_Wheels_M_Inst,MI_RedLineTrain_Wheels,
2 materials,Content/Oxi/Environment/Subway/Trains/Materials,MaterialInstanceConstant,RedLineTrain_Window_M_Inst,MI_RedLineTrain_Window,
2 materials,Content/Oxi/Environment/Subway/Trains/Materials,Material,TrainWindows_Mat,M_TrainWindows,
2 materials,Content/Oxi/Gameplay/CameraModifiers,Material,ADS_DOF,M_ADS_DOF,
2 materials,Content/Oxi/Gameplay/MiniGames/FlippinBirds,Material,WidgetWeb_M,M_WidgetWeb,
2 materials,Content/Oxi/Gameplay/MiniGames/FlippinBirds,MaterialInstanceConstant,WidgetWeb_M_Inst,MI_WidgetWeb,
2 materials,Content/Oxi/Media/Ads,MaterialInstanceConstant,BostonDisplay_MI,MI_BostonDisplay,
2 materials,Content/Oxi/Media/Ads,MaterialInstanceConstant,BrainAdPride_MI1,MI_BrainAdPride_MI1,
2 materials,Content/Oxi/Media/Ads,MaterialInstanceConstant,BrainAd_MI,MI_BrainAd,
2 materials,Content/Oxi/Media/Ads,MaterialInstanceConstant,ELPDIsplay_MI,MI_ELPDIsplay,
2 materials,Content/Oxi/Media/Ads,MaterialInstanceConstant,FlippinBirdsDisplay_MI,MI_FlippinBirdsDisplay,
2 materials,Content/Oxi/Media/Ads,MaterialInstanceConstant,JizzoDisplay_MI,MI_JizzoDisplay,
2 materials,Content/Oxi/Media/Ads,MaterialInstanceConstant,SheepAndFoxShowDisplay_MI,MI_SheepAndFoxShowDisplay,
2 materials,Content/Oxi/Media/Ads,MaterialInstanceConstant,SnakyIODisplay_MatInst,MI_SnakyIODisplay,
2 materials,Content/Oxi/Media/Ads,Material,TVDIsplay_Mat,M_TVDIsplay,
2 materials,Content/Oxi/Media/Ads,MaterialInstanceConstant,TVDisplay_MI,MI_TVDisplay,
2 materials,Content/Oxi/Media/Ads,MaterialInstanceConstant,TVDisplay_Panels_MI,MI_TVDisplay_Panels,
2 materials,Content/Oxi/Media/Ads,MaterialInstanceConstant,TVGlass_MI,MI_TVGlass,
2 materials,Content/Oxi/Media/Ads,Material,Title_Mat,M_Title,
2 materials,Content/Oxi/Media/Ads/Materials,Material,TVDisplayBase_Mat,M_TVDisplayBase,
2 materials,Content/Oxi/Media/GetTheBag,MaterialInstanceConstant,IcePick_BodyOutline_MatInst,MI_IcePick_BodyOutline,
2 materials,Content/Oxi/Media/GetTheBag,MaterialInstanceConstant,IcePick_Body_MatInst,MI_IcePick_Body,
2 materials,Content/Oxi/Media/GetTheBag,MaterialInstanceConstant,IcePick_Eye_MatInst,MI_IcePick_Eye,
2 materials,Content/Oxi/Media/GetTheBag,MaterialInstanceConstant,IcePick_FaceOutline_MatInst,MI_IcePick_FaceOutline,
2 materials,Content/Oxi/Media/GetTheBag,MaterialInstanceConstant,IcePick_Face_MatInst,MI_IcePick_Face,
2 materials,Content/Oxi/Media/GetTheBag,MaterialInstanceConstant,IcePick_Jewelry_MatInst,MI_IcePick_Jewelry,
2 materials,Content/Oxi/Media/GetTheBag,MaterialInstanceConstant,IcePick_Shades_MatInst,MI_IcePick_Shades,
2 materials,Content/Oxi/Media/Videos,Material,Base_Media_Mat,M_Base_Media,
2 materials,Content/Oxi/Media/Videos/TheSheepAndFoxArcade,MaterialInstanceConstant,SheepAndFoxArcade,MI_SheepAndFoxArcade,
2 materials,Content/Oxi/UI/Font,Material,DebugFontMaterial,M_DebugFontMaterial,
2 materials,Content/Oxi/UI/Font,Material,OxiTextMaterial,M_OxiTextMaterial,
2 materials,Content/Oxi/UI/HUD/BaseMaterials,Material,BaseHUD_Mat,M_BaseHUD,
2 materials,Content/Oxi/UI/HUD/BaseMaterials,MaterialInstanceConstant,BaseHUD_MatInst,MI_BaseHUD,
2 materials,Content/Oxi/UI/HUD/BaseMaterials,MaterialFunction,IconGradient_MF,MF_IconGradient,
2 materials,Content/Oxi/UI/HUD/BaseMaterials,MaterialFunction,LinearGradient_MF,MF_LinearGradient,
2 materials,Content/Oxi/UI/HUD/Health,MaterialInstanceConstant,Health_Icon_MatInst,MI_Health_Icon,
2 materials,Content/Oxi/UI/HUD/Health,MaterialInstanceConstant,HeartPulse_MatInst,MI_HeartPulse,
2 materials,Content/Oxi/UI/HUD/Health,MaterialInstanceConstant,Hearts_Circuit_MatInst,MI_Hearts_Circuit,
2 materials,Content/Oxi/UI/HUD/Scopes,MaterialInstanceConstant,PistolProjector_MatInst,MI_PistolProjector,
2 materials,Content/Oxi/UI/HUD/Scopes,MaterialInstanceConstant,PistolScope_MatInst,MI_PistolScope,
2 materials,Content/Oxi/UI/HUD/Scopes,MaterialInstanceConstant,RifleProjector_MatInst,MI_RifleProjector,
2 materials,Content/Oxi/UI/HUD/Scopes,MaterialInstanceConstant,RifleScope_MatInst,MI_RifleScope,
2 materials,Content/Oxi/UI/HUD/Scopes,Material,ScopeProjector_Mat,M_ScopeProjector,
2 materials,Content/Oxi/UI/HUD/Scopes,MaterialInstanceConstant,ShottyProjector_MatInst,MI_ShottyProjector,
2 materials,Content/Oxi/UI/HUD/Scopes,MaterialInstanceConstant,ShottyScope_MatInst,MI_ShottyScope,
2 materials,Content/Oxi/UI/HUD/Weapons,MaterialInstanceConstant,Backplate_MatInst,MI_Backplate,
2 materials,Content/Oxi/UI/HUD/Weapons,MaterialInstanceConstant,Pistol_Icon_MatInst,MI_Pistol_Icon,
2 materials,Content/Oxi/UI/HUD/Weapons,MaterialInstanceConstant,Rifle_Icon_MatInst,MI_Rifle_Icon,
2 materials,Content/Oxi/UI/HUD/Weapons,MaterialInstanceConstant,Shotty_Icon_MatInst,MI_Shotty_Icon,
2 materials,Content/Oxi/VFX,Material,AdditiveGlow_M,M_AdditiveGlow,
2 materials,Content/Oxi/VFX,MaterialInstanceConstant,DistortedGlow_MI,MI_DistortedGlow,
2 materials,Content/Oxi/VFX,MaterialInstanceConstant,Glow_MI,MI_Glow,
2 materials,Content/Oxi/VFX,Material,ParticleMeshDissolve_M,M_ParticleMeshDissolve,
2 materials,Content/Oxi/VFX,MaterialInstanceConstant,ParticleMeshDissolve_MI,MI_ParticleMeshDissolve,
2 materials,Content/Oxi/VFX/Blueprints,MaterialInstanceConstant,BloodGib_MI,MI_BloodGib,
2 materials,Content/Oxi/VFX/Blueprints,Material,BloodSplatter_M,M_BloodSplatter,
2 materials,Content/Oxi/VFX/Blueprints,MaterialInstanceConstant,BloodSplatter_MI,MI_BloodSplatter,
2 materials,Content/Oxi/VFX/Blueprints,MaterialInstanceConstant,GibCap_MI,MI_GibCap,
2 materials,Content/Oxi/VFX/Blueprints,Material,MuzzleFlash_M,M_MuzzleFlash,
2 materials,Content/Oxi/VFX/Blueprints,MaterialInstanceConstant,MuzzleFlash_MI,MI_MuzzleFlash,
2 materials,Content/Oxi/VFX/Blueprints,MaterialInstanceConstant,MuzzleGlow_2_MatInst,MI_MuzzleGlow_2,
2 materials,Content/Oxi/VFX/Blueprints,MaterialInstanceConstant,MuzzleGlow_MI,MI_MuzzleGlow,
2 materials,Content/Oxi/VFX/Impact/Parallax,Material,steep_parallax,M_steep_parallax,
2 materials,Content/Oxi/VFX/New,MaterialInstanceConstant,BaseBloodImpact_MI,MI_BaseBloodImpact,
2 materials,Content/Oxi/VFX/New,MaterialInstanceConstant,BaseCurrent_MI,MI_BaseCurrent,
2 materials,Content/Oxi/VFX/New,Material,BaseParticle_Mat,M_BaseParticle,
2 materials,Content/Oxi/VFX/New,MaterialInstanceConstant,BaseSpark_MI,MI_BaseSpark,
2 materials,Content/Oxi/VFX/PostProcess,Material,PlayerStatus_PP_Mat,M_PlayerStatus_PP,
2 materials,Content/Oxi/VFX/PostProcess,MaterialInstanceConstant,PlayerStatus_PP_MatInst,MI_PlayerStatus_PP,
2 materials,Content/Oxi/VFX/PostProcess,MaterialParameterCollection,Teleporation_Collection,MPC_Teleporation_Collection,
2 materials,Content/Oxi/VFX/PostProcess,Material,Teleporation_PP,M_Teleporation_PP,
2 materials,Content/Oxi/VFX/PostProcess,MaterialFunction,UVOffset_MF,MF_UVOffset,
2 materials,Content/Oxi/VFX/Ribbons,MaterialInstanceConstant,SmokeRibbon1_MI,MI_SmokeRibbon1,
2 materials,Content/Oxi/VFX/Ribbons,Material,SmokeRibbon_M,M_SmokeRibbon,
2 materials,Content/Oxi/VFX/Smoke,Material,BaseSmoke_Mat,M_BaseSmoke,
2 materials,Content/Oxi/VFX/Splatters,MaterialInstanceConstant,BloodSplat1_MI,MI_BloodSplat1,
2 materials,Content/Oxi/VFX/Splatters,MaterialInstanceConstant,BloodSplat2_MI,MI_BloodSplat2,
2 materials,Content/Oxi/VFX/Splatters,Material,Splatter_Mat,M_Splatter,
2 materials,Content/Oxi/Vehicles/ElpWhip,MaterialInstanceConstant,ElipWhip_Mati,MI_ElipWhip,
2 materials,Content/Oxi/Weapons,Material,Master_Weapon_Mat,M_Master_Weapon,
2 materials,Content/Oxi/Weapons,MaterialInstanceConstant,WeaponOutline_MI,MI_WeaponOutline,
2 materials,Content/Oxi/Weapons/EL_Pistol/HUD,MaterialInstanceConstant,Pistol_CrosshairCenter_MatInst,MI_Pistol_CrosshairCenter,
2 materials,Content/Oxi/Weapons/EL_Pistol/HUD,MaterialInstanceConstant,Pistol_CrosshairCorner_MatInst,MI_Pistol_CrosshairCorner,
2 materials,Content/Oxi/Weapons/EL_Pistol/Materials,MaterialInstanceConstant,ELPistolShell_MI,MI_ELPistolShell,
2 materials,Content/Oxi/Weapons/EL_Pistol/Materials,MaterialInstanceConstant,ELPistol_MI,MI_ELPistol,
2 materials,Content/Oxi/Weapons/EL_Pistol/Materials,MaterialInstanceConstant,ELPistol_Outline_MI,MI_ELPistol_Outline,
2 materials,Content/Oxi/Weapons/EL_Rifle,MaterialInstanceConstant,ElpRifle_MatInst,MI_ElpRifle,
2 materials,Content/Oxi/Weapons/EL_Rifle,MaterialInstanceConstant,ElpRifle_Outline_MatInst,MI_ElpRifle_Outline,
2 materials,Content/Oxi/Weapons/EL_Shotty/Materials,MaterialInstanceConstant,DblShotty_MI,MI_DblShotty,
2 materials,Content/Oxi/Weapons/EL_Shotty/Materials,MaterialInstanceConstant,DblShotty_Outline_Material,MI_DblShotty_Outline_Material,
2 materials,Content/Oxi/Weapons/ElpKnife/Materials,MaterialInstanceConstant,ElpKnife_Mati,MI_ElpKnife,
2 materials,Content/Oxi/Weapons/FX,MaterialInstanceConstant,BaseBulletTracer_MI,MI_BaseBulletTracer,
2 materials,Content/Oxi/Weapons/FX,Material,BulletTracer_Mat,M_BulletTracer,
3 meshes/sounds/misc,Content/Oxi/Characters/HiddenHand/Chironex/Meshes,SkeletalMesh,Sentry,SK_Sentry,
3 meshes/sounds/misc,Content/Oxi/Characters/HiddenHand/Chironex/Meshes/Gibs,SkeletalMesh,ChironexAGib2_SK,SK_ChironexAGib2,
3 meshes/sounds/misc,Content/Oxi/Characters/HiddenHand/Chironex/Meshes/Gibs,SkeletalMesh,ChrinoxexAGibs1_SK,SK_ChrinoxexAGibs1,
3 meshes/sounds/misc,Content/Oxi/Characters/HiddenHand/Chironex/Sounds,SoundWave,SentryPop1,S_SentryPop1,
3 meshes/sounds/misc,Content/Oxi/Characters/HiddenHand/Chironex/VFX,ParticleSystem,ChironexBloodDrip_FX,PS_ChironexBloodDrip,
3 meshes/sounds/misc,Content/Oxi/Characters/HiddenHand/Chironex/VFX,ParticleSystem,ChironexBloodSpray_FX,PS_ChironexBloodSpray,
3 meshes/sounds/misc,Content/Oxi/Characters/HiddenHand/Chironex/VFX,ParticleSystem,ChironexDeathSmoke,PS_ChironexDeathSmoke,
3 meshes/sounds/misc,Content/Oxi/Characters/HiddenHand/Chironex/VFX,ParticleSystem,ChironexGibExplosion_FX,PS_ChironexGibExplosion,
3 meshes/sounds/misc,Content/Oxi/Characters/HiddenHand/Chironex/VFX,ParticleSystem,ChironexTentacleImpact_FX,PS_ChironexTentacleImpact,
3 meshes/sounds/misc,Content/Oxi/Characters/HiddenHand/Chironex/VFX,ParticleSystem,ChironexTentacleSpray_FX,PS_ChironexTentacleSpray,
3 meshes/sounds/misc,Content/Oxi/Characters/HiddenHand/Soldier1/Blueprints,UserDefinedEnum,HH_Soldier_AnimState,EHH_Soldier_AnimState,
3 meshes/sounds/misc,Content/Oxi/Characters/HiddenHand/Soldier1/Blueprints,UserDefinedEnum,SquadMemberAttackResults,ESquadMemberAttackResults,
3 meshes/sounds/misc,Content/Oxi/Characters/HiddenHand/Soldier1/Meshes,SkeletalMesh,HH_Soldier1_Base,SK_HH_Soldier1_Base,
3 meshes/sounds/misc,Content/Oxi/Characters/HiddenHand/Soldier1/Meshes,StaticMesh,HH_Soldier_RArmGib,SM_HH_Soldier_RArmGib,
3 meshes/sounds/misc,Content/Oxi/Characters/HiddenHand/Soldier1/Meshes,StaticMesh,HH_Soldier_RLegGib,SM_HH_Soldier_RLegGib,
3 meshes/sounds/misc,Content/Oxi/Characters/HiddenHand/Soldier1/Meshes/Gibs,SkeletalMesh,HH_Soldier_Head_GibCap,SK_HH_Soldier_Head_GibCap,
3 meshes/sounds/misc,Content/Oxi/Characters/HiddenHand/Soldier1/Meshes/Gibs,SkeletalMesh,HH_Soldier_LArm_GibCap,SK_HH_Soldier_LArm_GibCap,
3 meshes/sounds/misc,Content/Oxi/Characters/HiddenHand/Soldier1/Meshes/Gibs,SkeletalMesh,HH_Soldier_LLeg_GibCap,SK_HH_Soldier_LLeg_GibCap,
3 meshes/sounds/misc,Content/Oxi/Characters/HiddenHand/Soldier1/Meshes/Gibs,SkeletalMesh,HH_Soldier_RArm_GibCap,SK_HH_Soldier_RArm_GibCap,
3 meshes/sounds/misc,Content/Oxi/Characters/HiddenHand/Soldier1/Meshes/Gibs,SkeletalMesh,HH_Soldier_RLeg_GibCap,SK_HH_Soldier_RLeg_GibCap,
3 meshes/sounds/misc,Content/Oxi/Characters/Human/IcePickBase/Base,SkeletalMesh,IcePickBase,SK_IcePickBase,
3 meshes/sounds/misc,Content/Oxi/Characters/Human/IcePickBase/FirstPerson,SkeletalMesh,IcePickBody,SK_IcePickBody,
3 meshes/sounds/misc,Content/Oxi/Characters/Human/IcePickBase/FirstPerson,SkeletalMesh,IcePickHands_Mesh,SK_IcePickHands,
3 meshes/sounds/misc,Content/Oxi/Characters/Human/IcePickBase/FirstPerson/NeedleSlam,SkeletalMesh,IcePick_NeedleHands,SK_IcePick_NeedleHands,
3 meshes/sounds/misc,Content/Oxi/Characters/Human/IcePickBase/FirstPerson/NeedleSlam,NiagaraSystem,NeedleSpray_Fx,NS_NeedleSpray,
3 meshes/sounds/misc,Content/Oxi/Characters/NPCs,UserDefinedStruct,ChatInfo,FChatInfo,
3 meshes/sounds/misc,Content/Oxi/Characters/NPCs,SoundAttenuation,PrisonerAttenuation,ATT_PrisonerAttenuation,
3 meshes/sounds/misc,Content/Oxi/Characters/NPCs,UserDefinedEnum,PrisonerState,EPrisonerState,
3 meshes/sounds/misc,Content/Oxi/Characters/NPCs,SoundAttenuation,TVAttenuation,ATT_TVAttenuation,
3 meshes/sounds/misc,Content/Oxi/Characters/NPCs/Meshes,SkeletalMesh,Prison_Jacket_Mesh,SK_Prison_Jacket,
3 meshes/sounds/misc,Content/Oxi/Characters/NPCs/Meshes,SkeletalMesh,Prison_TankTop_Mesh,SK_Prison_TankTop,
3 meshes/sounds/misc,Content/Oxi/Core/PhysicsMaterials,OxiPhysicalMaterial,Concrete_FullyChippable_PhysMat,PM_Concrete_FullyChippable,
3 meshes/sounds/misc,Content/Oxi/Core/PhysicsMaterials,OxiPhysicalMaterial,Concrete_PerCollisionChippable_PhysMat,PM_Concrete_PerCollisionChippable,
3 meshes/sounds/misc,Content/Oxi/Environment/Blockout,StaticMesh,1M_Cube,SM_1M_Cube,
3 meshes/sounds/misc,Content/Oxi/Environment/Blockout,StaticMesh,1M_Cube_Chamfer,SM_1M_Cube_Chamfer,
3 meshes/sounds/misc,Content/Oxi/Environment/Breach,StaticMesh,Apartment_1,SM_Apartment_1,
3 meshes/sounds/misc,Content/Oxi/Environment/Breach,UserDefinedEnum,DoorState,EDoorState,
3 meshes/sounds/misc,Content/Oxi/Environment/Destructibles/Barrels,StaticMesh,DestructibleBarrel_1,SM_DestructibleBarrel_1,
3 meshes/sounds/misc,Content/Oxi/Environment/Destructibles/Barrels,SkeletalMesh,DestructibleBarrel_Damaged,SK_DestructibleBarrel_Damaged,
3 meshes/sounds/misc,Content/Oxi/Environment/Destructibles/Crates/Crate1,StaticMesh,Crate1_Whole,SM_Crate1_Whole,
3 meshes/sounds/misc,Content/Oxi/Environment/Destructibles/Crates/Crate1,SkeletalMesh,Crate_1Damaged,SK_Crate_1Damaged,
3 meshes/sounds/misc,Content/Oxi/Environment/Destructibles/Pillars/Subway,StaticMesh,SubwayPillar1_Gib1,SM_SubwayPillar1_Gib1,
3 meshes/sounds/misc,Content/Oxi/Environment/Destructibles/Pillars/Subway,StaticMesh,SubwayPillar1_Gib2,SM_SubwayPillar1_Gib2,
3 meshes/sounds/misc,Content/Oxi/Environment/Destructibles/Pillars/Subway,StaticMesh,SubwayPillar1_SM,SM_SubwayPillar1,
3 meshes/sounds/misc,Content/Oxi/Environment/Destructibles/Pillars/Subway,SkeletalMesh,SubwayPillar1_SkelMesh,SK_SubwayPillar1_SkelMesh,
3 meshes/sounds/misc,Content/Oxi/Environment/Interactables,StaticMesh,Arcade,SM_Arcade,
3 meshes/sounds/misc,Content/Oxi/Environment/MassAve/Buildings,StaticMesh,MassAve_CornerStore_Mesh,SM_MassAve_CornerStore,
3 meshes/sounds/misc,Content/Oxi/Environment/MassAve/Buildings,StaticMesh,MassAve_House_1_Mesh,SM_MassAve_House_1,
3 meshes/sounds/misc,Content/Oxi/Environment/MassAve/Buildings,StaticMesh,MassAve_House_2_Mesh,SM_MassAve_House_2,
3 meshes/sounds/misc,Content/Oxi/Environment/MassAve/Buildings,StaticMesh,MassAve_House_3_Mesh,SM_MassAve_House_3,
3 meshes/sounds/misc,Content/Oxi/Environment/MassAve/Pavement,StaticMesh,MassAve_CornerCurb_Mesh,SM_MassAve_CornerCurb,
3 meshes/sounds/misc,Content/Oxi/Environment/MassAve/Pavement,StaticMesh,MassAve_CrossWalk_Mesh,SM_MassAve_CrossWalk,
3 meshes/sounds/misc,Content/Oxi/Environment/MassAve/Pavement,StaticMesh,MassAve_Curb_Mesh,SM_MassAve_Curb,
3 meshes/sounds/misc,Content/Oxi/Environment/MassAve/Pavement,StaticMesh,MassAve_Intersection_Mesh,SM_MassAve_Intersection,
3 meshes/sounds/misc,Content/Oxi/Environment/MassAve/Pavement,StaticMesh,MassAve_Road_1_Mesh,SM_MassAve_Road_1,
3 meshes/sounds/misc,Content/Oxi/Environment/MassAve/TrafficSigns,StaticMesh,TrafficLightPost_1_Mesh,SM_TrafficLightPost_1,
3 meshes/sounds/misc,Content/Oxi/Environment/Props,StaticMesh,CashStack,SM_CashStack,
3 meshes/sounds/misc,Content/Oxi/Environment/Props,StaticMesh,Radio,SM_Radio,
3 meshes/sounds/misc,Content/Oxi/Environment/Props,SoundAttenuation,RadioAttenuation,ATT_RadioAttenuation,
3 meshes/sounds/misc,Content/Oxi/Environment/Subway/FX,ParticleSystem,Electric_Spark,PS_Electric_Spark,
3 meshes/sounds/misc,Content/Oxi/Environment/Subway/FloorsWalls/Meshes,StaticMesh,FloorTile_1,SM_FloorTile_1,
3 meshes/sounds/misc,Content/Oxi/Environment/Subway/FloorsWalls/Meshes,StaticMesh,WallTile_1,SM_WallTile_1,
3 meshes/sounds/misc,Content/Oxi/Environment/Subway/Props,StaticMesh,ArrivalTimesSign,SM_ArrivalTimesSign,
3 meshes/sounds/misc,Content/Oxi/Environment/Subway/Props,StaticMesh,TicketMachine_1,SM_TicketMachine_1,
3 meshes/sounds/misc,Content/Oxi/Environment/Subway/Props,StaticMesh,TrainTracks_1,SM_TrainTracks_1,
3 meshes/sounds/misc,Content/Oxi/Environment/Subway/Props,StaticMesh,Turnstile_1,SM_Turnstile_1,
3 meshes/sounds/misc,Content/Oxi/Environment/Subway/Props/ElecticalBoxes,StaticMesh,ElectricalBox_1,SM_ElectricalBox_1,
3 meshes/sounds/misc,Content/Oxi/Environment/Subway/Props/ElecticalBoxes,StaticMesh,ElectricalBox_2,SM_ElectricalBox_2,
3 meshes/sounds/misc,Content/Oxi/Environment/Subway/Props/ElecticalBoxes,StaticMesh,ElectricalBox_3,SM_ElectricalBox_3,
3 meshes/sounds/misc,Content/Oxi/Environment/Subway/Props/Lights,StaticMesh,FlourescentLights_1,SM_FlourescentLights_1,
3 meshes/sounds/misc,Content/Oxi/Environment/Subway/Props/Lights,StaticMesh,LongFlourescentLights,SM_LongFlourescentLights,
3 meshes/sounds/misc,Content/Oxi/Environment/Subway/Props/Lights,StaticMesh,PlatformLight_1,SM_PlatformLight_1,
3 meshes/sounds/misc,Content/Oxi/Environment/Subway/Props/Pipes,StaticMesh,Pipe_1,SM_Pipe_1,
3 meshes/sounds/misc,Content/Oxi/Environment/Subway/Props/Pipes,StaticMesh,Pipe_1_Clamp,SM_Pipe_1_Clamp,
3 meshes/sounds/misc,Content/Oxi/Environment/Subway/Props/Pipes,StaticMesh,Pipe_1_Corner,SM_Pipe_1_Corner,
3 meshes/sounds/misc,Content/Oxi/Environment/Subway/Props/Signs,StaticMesh,TrapeloStationSign_Mesh,SM_TrapeloStationSign,
3 meshes/sounds/misc,Content/Oxi/Environment/Subway/Props/Wires,StaticMesh,HangingWire_1,SM_HangingWire_1,
3 meshes/sounds/misc,Content/Oxi/Environment/Subway/Props/Wires,StaticMesh,HangingWire_2,SM_HangingWire_2,
3 meshes/sounds/misc,Content/Oxi/Environment/Subway/Skyline,NiagaraSystem,CityFire,NS_CityFire,
3 meshes/sounds/misc,Content/Oxi/Environment/Subway/Skyline,StaticMesh,Skyline_Mesh,SM_Skyline,
3 meshes/sounds/misc,Content/Oxi/Environment/Subway/Structures/Entry,StaticMesh,Entry_PlatformStairs_Mesh,SM_Entry_PlatformStairs,
3 meshes/sounds/misc,Content/Oxi/Environment/Subway/Structures/Entry,StaticMesh,Entry_Stairs_Mesh,SM_Entry_Stairs,
3 meshes/sounds/misc,Content/Oxi/Environment/Subway/Structures/Entry/EntryRoom,StaticMesh,EntryRoom_Mesh,SM_EntryRoom,
3 meshes/sounds/misc,Content/Oxi/Environment/Subway/Structures/Platform,StaticMesh,Platform_Ceiling,SM_Platform_Ceiling,
3 meshes/sounds/misc,Content/Oxi/Environment/Subway/Structures/Platform,StaticMesh,Platform_Tunnel_Mesh,SM_Platform_Tunnel,
3 meshes/sounds/misc,Content/Oxi/Environment/Subway/Structures/Platform,StaticMesh,Platform_Tunnel__StairGap_Mesh,SM_Platform_Tunnel__StairGap,
3 meshes/sounds/misc,Content/Oxi/Environment/Subway/Structures/Platform,StaticMesh,Platform_Walkway_Mesh,SM_Platform_Walkway,
3 meshes/sounds/misc,Content/Oxi/Environment/Subway/Trains,CurveFloat,DecelerationCurve,Curve_DecelerationCurve,
3 meshes/sounds/misc,Content/Oxi/Environment/Subway/Trains,UserDefinedEnum,RedLineTrainState,ERedLineTrainState,
3 meshes/sounds/misc,Content/Oxi/Environment/Subway/Trains,SkeletalMesh,RedLineTrain_SkelMesh,SK_RedLineTrain_SkelMesh,
3 meshes/sounds/misc,Content/Oxi/Gameplay/AISquad/VO,UserDefinedStruct,VoiceOverData,FVoiceOverData,
3 meshes/sounds/misc,Content/Oxi/Gameplay/AISquad/VO,UserDefinedStruct,VoiceOverItem,FVoiceOverItem,
3 meshes/sounds/misc,Content/Oxi/Gameplay/BlueprintHelpers,UserDefinedEnum,OxiAnimStateSignal,EOxiAnimStateSignal,
3 meshes/sounds/misc,Content/Oxi/Gameplay/MiniGames/FlippinBirds,StaticMesh,PinkyMobile,SM_PinkyMobile,
3 meshes/sounds/misc,Content/Oxi/Media/Ads,SkeletalMesh,TVDisplay,SK_TVDisplay,
3 meshes/sounds/misc,Content/Oxi/Media/Ads/Materials,CurveLinearColor,One_Curve,Curve_One,
3 meshes/sounds/misc,Content/Oxi/Media/Ads/Materials,CurveLinearColorAtlas,TVCurves,Curve_TVCurves,
3 meshes/sounds/misc,Content/Oxi/Media/Ads/Materials,CurveLinearColor,TV_Curve,Curve_TV,
3 meshes/sounds/misc,Content/Oxi/Media/GetTheBag,StaticMesh,IcePick_GetTheBag,SM_IcePick_GetTheBag,
3 meshes/sounds/misc,Content/Oxi/Media/Videos,MediaPlayer,Oxi_MediaPlayer,MP_Oxi_MediaPlayer,
3 meshes/sounds/misc,Content/Oxi/Media/Videos/TheSheepAndFoxArcade,FileMediaSource,TheSheepAndFoxArcade_MediaSource,MS_TheSheepAndFoxArcade,
3 meshes/sounds/misc,Content/Oxi/Sounds,SoundWave,Explosion03,S_Explosion03,
3 meshes/sounds/misc,Content/Oxi/Sounds/Destruction,SoundWave,TVExplosion,S_TVExplosion,
3 meshes/sounds/misc,Content/Oxi/Sounds/Environment/Subway,SoundWave,TrainSound1,S_TrainSound1,
3 meshes/sounds/misc,Content/Oxi/Sounds/Environment/Subway,SoundAttenuation,TrainSoundAttenuation,ATT_TrainSoundAttenuation,
3 meshes/sounds/misc,Content/Oxi/Sounds/Music,SoundWave,Prince_Of_Boston,S_Prince_Of_Boston,
3 meshes/sounds/misc,Content/Oxi/Sounds/Music/Temp,SoundWave,Heartbreak1,S_Heartbreak1,
3 meshes/sounds/misc,Content/Oxi/Sounds/Prison,SoundWave,BeefOnSight,S_BeefOnSight,
3 meshes/sounds/misc,Content/Oxi/Sounds/Prison,SoundWave,Check_It_Out,S_Check_It_Out,
3 meshes/sounds/misc,Content/Oxi/Sounds/Prison,SoundWave,DP_His_Ass_On_Second,S_DP_His_Ass_On_Second,
3 meshes/sounds/misc,Content/Oxi/Sounds/Prison,SoundWave,DamnHeSloppy,S_DamnHeSloppy,
3 meshes/sounds/misc,Content/Oxi/Sounds/Prison,SoundWave,DemonWorshippers,S_DemonWorshippers,
3 meshes/sounds/misc,Content/Oxi/Sounds/Prison,SoundWave,Dont_Touch_The_TV,S_Dont_Touch_The_TV,
3 meshes/sounds/misc,Content/Oxi/Sounds/Prison,SoundWave,ELP,S_ELP,
3 meshes/sounds/misc,Content/Oxi/Sounds/Prison,SoundWave,ELP_Is_For_Life,S_ELP_Is_For_Life,
3 meshes/sounds/misc,Content/Oxi/Sounds/Prison,SoundWave,Elian_ComeToFight,S_Elian_ComeToFight,
3 meshes/sounds/misc,Content/Oxi/Sounds/Prison,SoundWave,Elian_DoYouWannaPlayKid,S_Elian_DoYouWannaPlayKid,
3 meshes/sounds/misc,Content/Oxi/Sounds/Prison,SoundWave,Elian_GimmeSomeMoney,S_Elian_GimmeSomeMoney,
3 meshes/sounds/misc,Content/Oxi/Sounds/Prison,SoundWave,Elian_LetsDoItMan,S_Elian_LetsDoItMan,
3 meshes/sounds/misc,Content/Oxi/Sounds/Prison,SoundWave,Elian_YouDontHaveTheMoney,S_Elian_YouDontHaveTheMoney,
3 meshes/sounds/misc,Content/Oxi/Sounds/Prison,SoundWave,Fuck_South_Boston,S_Fuck_South_Boston,
3 meshes/sounds/misc,Content/Oxi/Sounds/Prison,SoundWave,Hurry_it_Up,S_Hurry_it_Up,
3 meshes/sounds/misc,Content/Oxi/Sounds/Prison,SoundWave,I_mSick,S_I_mSick,
3 meshes/sounds/misc,Content/Oxi/Sounds/Prison,SoundWave,I_m_Broke,S_I_m_Broke,
3 meshes/sounds/misc,Content/Oxi/Sounds/Prison,SoundWave,It_s_the_Prince_Of_Boston_Ya_Heard,S_It_s_the_Prince_Of_Boston_Ya_Heard,
3 meshes/sounds/misc,Content/Oxi/Sounds/Prison,SoundWave,Libertad,S_Libertad,
3 meshes/sounds/misc,Content/Oxi/Sounds/Prison,SoundWave,LittleCuzzo,S_LittleCuzzo,
3 meshes/sounds/misc,Content/Oxi/Sounds/Prison,SoundWave,MakeSomeMoney,S_MakeSomeMoney,
3 meshes/sounds/misc,Content/Oxi/Sounds/Prison,SoundWave,NoBullShit,S_NoBullShit,
3 meshes/sounds/misc,Content/Oxi/Sounds/Prison,SoundWave,No_Going_Back,S_No_Going_Back,
3 meshes/sounds/misc,Content/Oxi/Sounds/Prison,SoundWave,OpenFloorAmbience,S_OpenFloorAmbience,
3 meshes/sounds/misc,Content/Oxi/Sounds/Prison,SoundWave,RacistTown,S_RacistTown,
3 meshes/sounds/misc,Content/Oxi/Sounds/Prison,SoundWave,Remember_ELP,S_Remember_ELP,
3 meshes/sounds/misc,Content/Oxi/Sounds/Prison,SoundWave,RunningGame,S_RunningGame,
3 meshes/sounds/misc,Content/Oxi/Sounds/Prison,SoundWave,ThatsRight,S_ThatsRight,
3 meshes/sounds/misc,Content/Oxi/Sounds/Prison,SoundWave,Uhhuh,S_Uhhuh,
3 meshes/sounds/misc,Content/Oxi/Sounds/Prison,SoundWave,WannaGamble,S_WannaGamble,
3 meshes/sounds/misc,Content/Oxi/Sounds/Prison,SoundWave,WhatsGoodIcePick,S_WhatsGoodIcePick,
3 meshes/sounds/misc,Content/Oxi/Sounds/Prison,SoundWave,Where_U_From,S_Where_U_From,
3 meshes/sounds/misc,Content/Oxi/Sounds/Prison,SoundWave,Who_We_Got_To_Press_Benny,S_Who_We_Got_To_Press_Benny,
3 meshes/sounds/misc,Content/Oxi/Sounds/VO,SoundAttenuation,BaseVFXAttenuation,ATT_BaseVFXAttenuation,
3 meshes/sounds/misc,Content/Oxi/Sounds/VO/HiddenHand,SoundAttenuation,BaseHH_SoundAttenuation,ATT_BaseHH_SoundAttenuation,
3 meshes/sounds/misc,Content/Oxi/Sounds/VO/HiddenHand/HH1,SoundWave,HH1_Voice1_BostonIsHHTurf,S_HH1_Voice1_BostonIsHHTurf,
3 meshes/sounds/misc,Content/Oxi/Sounds/VO/HiddenHand/HH1,SoundWave,HH1_Voice1_DotAvePunk,S_HH1_Voice1_DotAvePunk,
3 meshes/sounds/misc,Content/Oxi/Sounds/VO/HiddenHand/HH1,SoundWave,HH1_Voice1_DownTownWhatup,S_HH1_Voice1_DownTownWhatup,
3 meshes/sounds/misc,Content/Oxi/Sounds/VO/HiddenHand/HH1,SoundWave,HH1_Voice1_ELPMock1,S_HH1_Voice1_ELPMock1,
3 meshes/sounds/misc,Content/Oxi/Sounds/VO/HiddenHand/HH1,SoundWave,HH1_Voice1_ELPMock2,S_HH1_Voice1_ELPMock2,
3 meshes/sounds/misc,Content/Oxi/Sounds/VO/HiddenHand/HH1,SoundWave,HH1_Voice1_FuckYouIcePick,S_HH1_Voice1_FuckYouIcePick,
3 meshes/sounds/misc,Content/Oxi/Sounds/VO/HiddenHand/HH1,SoundWave,HH1_Voice1_GTFO,S_HH1_Voice1_GTFO,
3 meshes/sounds/misc,Content/Oxi/Sounds/VO/HiddenHand/HH1,SoundWave,HH1_Voice1_Hurt1,S_HH1_Voice1_Hurt1,
3 meshes/sounds/misc,Content/Oxi/Sounds/VO/HiddenHand/HH1,SoundWave,HH1_Voice1_Hurt10,S_HH1_Voice1_Hurt10,
3 meshes/sounds/misc,Content/Oxi/Sounds/VO/HiddenHand/HH1,SoundWave,HH1_Voice1_Hurt11,S_HH1_Voice1_Hurt11,
3 meshes/sounds/misc,Content/Oxi/Sounds/VO/HiddenHand/HH1,SoundWave,HH1_Voice1_Hurt12,S_HH1_Voice1_Hurt12,
3 meshes/sounds/misc,Content/Oxi/Sounds/VO/HiddenHand/HH1,SoundWave,HH1_Voice1_Hurt13,S_HH1_Voice1_Hurt13,
3 meshes/sounds/misc,Content/Oxi/Sounds/VO/HiddenHand/HH1,SoundWave,HH1_Voice1_Hurt14,S_HH1_Voice1_Hurt14,
3 meshes/sounds/misc,Content/Oxi/Sounds/VO/HiddenHand/HH1,SoundWave,HH1_Voice1_Hurt2,S_HH1_Voice1_Hurt2,
3 meshes/sounds/misc,Content/Oxi/Sounds/VO/HiddenHand/HH1,SoundWave,HH1_Voice1_Hurt3,S_HH1_Voice1_Hurt3,
3 meshes/sounds/misc,Content/Oxi/Sounds/VO/HiddenHand/HH1,SoundWave,HH1_Voice1_Hurt4,S_HH1_Voice1_Hurt4,
3 meshes/sounds/misc,Content/Oxi/Sounds/VO/HiddenHand/HH1,SoundWave,HH1_Voice1_Hurt5,S_HH1_Voice1_Hurt5,
3 meshes/sounds/misc,Content/Oxi/Sounds/VO/HiddenHand/HH1,SoundWave,HH1_Voice1_Hurt6,S_HH1_Voice1_Hurt6,
3 meshes/sounds/misc,Content/Oxi/Sounds/VO/HiddenHand/HH1,SoundWave,HH1_Voice1_Hurt7,S_HH1_Voice1_Hurt7,
3 meshes/sounds/misc,Content/Oxi/Sounds/VO/HiddenHand/HH1,SoundWave,HH1_Voice1_Hurt8,S_HH1_Voice1_Hurt8,
3 meshes/sounds/misc,Content/Oxi/Sounds/VO/HiddenHand/HH1,SoundWave,HH1_Voice1_Hurt9,S_HH1_Voice1_Hurt9,
3 meshes/sounds/misc,Content/Oxi/Sounds/VO/HiddenHand/HH1,SoundWave,HH1_Voice1_IcePickComing_1,S_HH1_Voice1_IcePickComing_1,
3 meshes/sounds/misc,Content/Oxi/Sounds/VO/HiddenHand/HH1,SoundWave,HH1_Voice1_IcePickComing_2,S_HH1_Voice1_IcePickComing_2,
3 meshes/sounds/misc,Content/Oxi/Sounds/VO/HiddenHand/HH1,SoundWave,HH1_Voice1_IcePickComing_3,S_HH1_Voice1_IcePickComing_3,
3 meshes/sounds/misc,Content/Oxi/Sounds/VO/HiddenHand/HH1,SoundWave,HH1_Voice1_JamaicaPlain,S_HH1_Voice1_JamaicaPlain,
3 meshes/sounds/misc,Content/Oxi/Sounds/VO/HiddenHand/HH1,SoundWave,HH1_Voice1_MattapanYeahl,S_HH1_Voice1_MattapanYeahl,
3 meshes/sounds/misc,Content/Oxi/Sounds/VO/HiddenHand/HH1,SoundWave,HH1_Voice1_NorthEndPunk,S_HH1_Voice1_NorthEndPunk,
3 meshes/sounds/misc,Content/Oxi/Sounds/VO/HiddenHand/HH1,SoundWave,HH1_Voice1_RedLineBelongsToHH,S_HH1_Voice1_RedLineBelongsToHH,
3 meshes/sounds/misc,Content/Oxi/Sounds/VO/HiddenHand/HH1,SoundWave,HH1_Voice1_Reload1,S_HH1_Voice1_Reload1,
3 meshes/sounds/misc,Content/Oxi/Sounds/VO/HiddenHand/HH1,SoundWave,HH1_Voice1_Reload2,S_HH1_Voice1_Reload2,
3 meshes/sounds/misc,Content/Oxi/Sounds/VO/HiddenHand/HH1,SoundWave,HH1_Voice1_Reload3,S_HH1_Voice1_Reload3,
3 meshes/sounds/misc,Content/Oxi/Sounds/VO/HiddenHand/HH1,SoundWave,HH1_Voice1_RoxburyPunk,S_HH1_Voice1_RoxburyPunk,
3 meshes/sounds/misc,Content/Oxi/Sounds/VO/HiddenHand/HH1,SoundWave,HH1_Voice1_SouthBostonFool,S_HH1_Voice1_SouthBostonFool,
3 meshes/sounds/misc,Content/Oxi/Sounds/VO/IcePick/BattleChatter,SoundWave,BackUp,S_BackUp,
3 meshes/sounds/misc,Content/Oxi/Sounds/VO/IcePick/BattleChatter,SoundWave,BackUp2,S_BackUp2,
3 meshes/sounds/misc,Content/Oxi/Sounds/VO/IcePick/BattleChatter,SoundWave,BackUpMF,S_BackUpMF,
3 meshes/sounds/misc,Content/Oxi/Sounds/VO/IcePick/BattleChatter,SoundWave,BackUpMF2,S_BackUpMF2,
3 meshes/sounds/misc,Content/Oxi/Sounds/VO/IcePick/BattleChatter,SoundWave,Hmmm,S_Hmmm,
3 meshes/sounds/misc,Content/Oxi/Sounds/VO/IcePick/BattleChatter,SoundWave,IcePickFool,S_IcePickFool,
3 meshes/sounds/misc,Content/Oxi/Sounds/VO/IcePick/BattleChatter,SoundWave,IcePickFool2,S_IcePickFool2,
3 meshes/sounds/misc,Content/Oxi/Sounds/VO/IcePick/BattleChatter,SoundWave,IcePickFool3,S_IcePickFool3,
3 meshes/sounds/misc,Content/Oxi/Sounds/VO/IcePick/BattleChatter,SoundWave,MF,S_MF,
3 meshes/sounds/misc,Content/Oxi/Sounds/VO/IcePick/BattleChatter,SoundWave,MF2,S_MF2,
3 meshes/sounds/misc,Content/Oxi/Sounds/VO/IcePick/BattleChatter,SoundWave,Move,S_Move,
3 meshes/sounds/misc,Content/Oxi/Sounds/VO/IcePick/BattleChatter,SoundWave,MoveMF,S_MoveMF,
3 meshes/sounds/misc,Content/Oxi/Sounds/VO/IcePick/BattleChatter,SoundWave,NotSoFast,S_NotSoFast,
3 meshes/sounds/misc,Content/Oxi/Sounds/VO/IcePick/BattleChatter,SoundWave,OhLookWhoItIs,S_OhLookWhoItIs,
3 meshes/sounds/misc,Content/Oxi/Sounds/VO/IcePick/BattleChatter,SoundWave,OhShit,S_OhShit,
3 meshes/sounds/misc,Content/Oxi/Sounds/VO/IcePick/BattleChatter,SoundWave,UhMF,S_UhMF,
3 meshes/sounds/misc,Content/Oxi/Sounds/VO/IcePick/BattleChatter,SoundWave,Uhh,S_Uhh,
3 meshes/sounds/misc,Content/Oxi/Sounds/VO/IcePick/BattleChatter,SoundWave,WatchOutMF,S_WatchOutMF,
3 meshes/sounds/misc,Content/Oxi/Sounds/VO/IcePick/BattleChatter,SoundWave,YeahFool,S_YeahFool,
3 meshes/sounds/misc,Content/Oxi/Sounds/VO/IcePick/BattleChatter,SoundWave,YeahIcePick,S_YeahIcePick,
3 meshes/sounds/misc,Content/Oxi/Sounds/VO/IcePick/BattleChatter,SoundWave,YeahIcePickB,S_YeahIcePickB,
3 meshes/sounds/misc,Content/Oxi/Sounds/Weapons,SoundWave,ELPistol_Cocking_Sound,S_ELPistol_Cocking,
3 meshes/sounds/misc,Content/Oxi/Sounds/Weapons,SoundWave,FreeGlockSound,S_FreeGlockSound,
3 meshes/sounds/misc,Content/Oxi/UI/Font,FontFace,Ethnocentric_Rg,FF_Ethnocentric_Rg,
3 meshes/sounds/misc,Content/Oxi/UI/Font,Font,Ethnocentric_Rg_Font,Font_Ethnocentric_Rg,
3 meshes/sounds/misc,Content/Oxi/UI/Font,FontFace,digital-7,FF_digital-7,
3 meshes/sounds/misc,Content/Oxi/UI/Font,Font,digital-7_Font,Font_digital-7,
3 meshes/sounds/misc,Content/Oxi/UI/HUD,FontFace,OpenSans-Regular,FF_OpenSans-Regular,
3 meshes/sounds/misc,Content/Oxi/UI/HUD,Font,OpenSans_Font,Font_OpenSans,
3 meshes/sounds/misc,Content/Oxi/UI/HUD/Scopes,StaticMesh,ScopeProjector_Mesh,SM_ScopeProjector,
3 meshes/sounds/misc,Content/Oxi/VFX,ParticleSystem,BasicExplosion1_P,PS_BasicExplosion1_P,
3 meshes/sounds/misc,Content/Oxi/VFX,StaticMesh,Shape_Plane,SM_Shape_Plane,
3 meshes/sounds/misc,Content/Oxi/VFX/Blobs,StaticMesh,Blob_1,SM_Blob_1,
3 meshes/sounds/misc,Content/Oxi/VFX/Blueprints,ParticleSystem,BloodMist_P,PS_BloodMist_P,
3 meshes/sounds/misc,Content/Oxi/VFX/Blueprints,ParticleSystem,BloodSprayAndMist_P,PS_BloodSprayAndMist_P,
3 meshes/sounds/misc,Content/Oxi/VFX/Blueprints,ParticleSystem,BloodSprayMistGibs_P,PS_BloodSprayMistGibs_P,
3 meshes/sounds/misc,Content/Oxi/VFX/Blueprints,ParticleSystem,MuzzleFlash_1,PS_MuzzleFlash_1,
3 meshes/sounds/misc,Content/Oxi/VFX/Blueprints,ParticleSystem,MuzzleFlash_2,PS_MuzzleFlash_2,
3 meshes/sounds/misc,Content/Oxi/VFX/Impact,ParticleSystem,Basic_Impact,PS_Basic_Impact,
3 meshes/sounds/misc,Content/Oxi/VFX/Impact,ParticleSystem,BigConcreteImpact,PS_BigConcreteImpact,
3 meshes/sounds/misc,Content/Oxi/VFX/Impact,ParticleSystem,SmallConcreteImpact1,PS_SmallConcreteImpact1,
3 meshes/sounds/misc,Content/Oxi/VFX/New,NiagaraSystem,BaseBloodImpact_FX,NS_BaseBloodImpact,
3 meshes/sounds/misc,Content/Oxi/VFX/New,NiagaraSystem,BaseSparksExplosion_FX,NS_BaseSparksExplosion,
3 meshes/sounds/misc,Content/Oxi/VFX/New,NiagaraSystem,BaseSparksExplosion_FX1,NS_BaseSparksExplosion_FX1,
3 meshes/sounds/misc,Content/Oxi/VFX/New,NiagaraSystem,ElectricShock_FX,NS_ElectricShock,
3 meshes/sounds/misc,Content/Oxi/VFX/Shapes,StaticMesh,FXArc,SM_FXArc,
3 meshes/sounds/misc,Content/Oxi/Vehicles/ElpWhip,SkeletalMesh,ElpWhip_Mesh,SK_ElpWhip,
3 meshes/sounds/misc,Content/Oxi/Vehicles/ElpWhip,UserDefinedEnum,ElpWhip_State,EElpWhip_State,
3 meshes/sounds/misc,Content/Oxi/Weapons,UserDefinedStruct,CrosshairImageData,FCrosshairImageData,
3 meshes/sounds/misc,Content/Oxi/Weapons/EL_Pistol,StaticMesh,ELPistolShell,SM_ELPistolShell,
3 meshes/sounds/misc,Content/Oxi/Weapons/EL_Pistol,SkeletalMesh,ELPistol_Mesh,SK_ELPistol,
3 meshes/sounds/misc,Content/Oxi/Weapons/EL_Rifle,SkeletalMesh,ElpRifle_Mesh,SK_ElpRifle,
3 meshes/sounds/misc,Content/Oxi/Weapons/EL_Shotty,SoundWave,DblShotty_Fire,S_DblShotty_Fire,
3 meshes/sounds/misc,Content/Oxi/Weapons/EL_Shotty,SkeletalMesh,DblShotty_Mesh,SK_DblShotty,
3 meshes/sounds/misc,Content/Oxi/Weapons/ElpKnife,SkeletalMesh,ElpKnife_Mesh,SK_ElpKnife,
3 meshes/sounds/misc,Content/Oxi/Weapons/FX,NiagaraSystem,BaseBulletTracer_FX,NS_BaseBulletTracer,
4 code-referenced (update C++/ini first),Content/Oxi/Core/MPCs,MaterialParameterCollection,FakeLight_MPC,MPC_FakeLight,referenced by C++/ini - update path first
4 code-referenced (update C++/ini first),Content/Oxi/Core/Materials,OxiOutlinePalette,BaseOutlinePalette,DA_BaseOutlinePalette,referenced by C++/ini - update path first
"5 skeleton+anims (rename together, compile ABP)",Content/Oxi/Characters/HiddenHand/Chironex/Animations,AnimSequence,ChironexHitReaction1_Anim,A_ChironexHitReaction1,
"5 skeleton+anims (rename together, compile ABP)",Content/Oxi/Characters/HiddenHand/Chironex/Animations,AnimSequence,ChironexHitReaction2_Anim,A_ChironexHitReaction2,
"5 skeleton+anims (rename together, compile ABP)",Content/Oxi/Characters/HiddenHand/Chironex/Animations,AnimSequence,ChironexHitReaction3_Anim,A_ChironexHitReaction3,
"5 skeleton+anims (rename together, compile ABP)",Content/Oxi/Characters/HiddenHand/Chironex/Animations,AnimSequence,ChironexHitReaction4_Anim,A_ChironexHitReaction4,
"5 skeleton+anims (rename together, compile ABP)",Content/Oxi/Characters/HiddenHand/Chironex/Animations,AnimSequence,SentryIdle_Anim,A_SentryIdle,
"5 skeleton+anims (rename together, compile ABP)",Content/Oxi/Characters/HiddenHand/Chironex/Blueprints,AnimBlueprint,Chironex_AnimBP,ABP_Chironex,
"5 skeleton+anims (rename together, compile ABP)",Content/Oxi/Characters/HiddenHand/Chironex/Meshes,Skeleton,ChrinoxexAGibs1_Skeleton,SKEL_ChrinoxexAGibs1,
"5 skeleton+anims (rename together, compile ABP)",Content/Oxi/Characters/HiddenHand/Chironex/Meshes,PhysicsAsset,Sentry_Physics,PHYS_Sentry_Physics,
"5 skeleton+anims (rename together, compile ABP)",Content/Oxi/Characters/HiddenHand/Chironex/Meshes,Skeleton,Sentry_Skeleton,SKEL_Sentry,
"5 skeleton+anims (rename together, compile ABP)",Content/Oxi/Characters/HiddenHand/Chironex/Meshes/Gibs,PhysicsAsset,ChrinoxexAGibs1_Physics,PHYS_ChrinoxexAGibs1_Physics,
"5 skeleton+anims (rename together, compile ABP)",Content/Oxi/Characters/HiddenHand/Chironex/Meshes/Gibs,PhysicsAsset,ChrinoxexAGibs2_Physics,PHYS_ChrinoxexAGibs2_Physics,
"5 skeleton+anims (rename together, compile ABP)",Content/Oxi/Characters/HiddenHand/Chironex/Meshes/Gibs,Skeleton,ChrinoxexAGibs2_SK,SKEL_ChrinoxexAGibs2,
"5 skeleton+anims (rename together, compile ABP)",Content/Oxi/Characters/HiddenHand/Soldier1/Animations,AnimSequence,HHSoldier_BaseDeath_Anim,A_HHSoldier_BaseDeath,
"5 skeleton+anims (rename together, compile ABP)",Content/Oxi/Characters/HiddenHand/Soldier1/Animations,AnimSequence,HHSoldier_CoverCrouch_Idle_Anim,A_HHSoldier_CoverCrouch_Idle,
"5 skeleton+anims (rename together, compile ABP)",Content/Oxi/Characters/HiddenHand/Soldier1/Animations,AnimSequence,HHSoldier_CoverCrouch_LeanOver_Anim,A_HHSoldier_CoverCrouch_LeanOver,
"5 skeleton+anims (rename together, compile ABP)",Content/Oxi/Characters/HiddenHand/Soldier1/Animations,AnimSequence,HHSoldier_CoverStanding_Idle_Anim,A_HHSoldier_CoverStanding_Idle,
"5 skeleton+anims (rename together, compile ABP)",Content/Oxi/Characters/HiddenHand/Soldier1/Animations,AnimSequence,HHSoldier_CoverStanding_LeanLeft_Anim,A_HHSoldier_CoverStanding_LeanLeft,
"5 skeleton+anims (rename together, compile ABP)",Content/Oxi/Characters/HiddenHand/Soldier1/Animations,AnimSequence,HHSoldier_CoverStanding_LeanRight_Anim,A_HHSoldier_CoverStanding_LeanRight,
"5 skeleton+anims (rename together, compile ABP)",Content/Oxi/Characters/HiddenHand/Soldier1/Animations,AnimSequence,HHSoldier_Idle_Anim,A_HHSoldier_Idle,
"5 skeleton+anims (rename together, compile ABP)",Content/Oxi/Characters/HiddenHand/Soldier1/Animations,AnimSequence,HHSoldier_Pullups_Anim,A_HHSoldier_Pullups,
"5 skeleton+anims (rename together, compile ABP)",Content/Oxi/Characters/HiddenHand/Soldier1/Animations,AnimSequence,HHSoldier_ReloadStanding_Anim,A_HHSoldier_ReloadStanding,
"5 skeleton+anims (rename together, compile ABP)",Content/Oxi/Characters/HiddenHand/Soldier1/Animations,AnimSequence,HHSoldier_Run_Anim,A_HHSoldier_Run,
"5 skeleton+anims (rename together, compile ABP)",Content/Oxi/Characters/HiddenHand/Soldier1/Animations,AnimSequence,HHSoldier_ShootingStanding_Anim,A_HHSoldier_ShootingStanding,
"5 skeleton+anims (rename together, compile ABP)",Content/Oxi/Characters/HiddenHand/Soldier1/Animations,AnimSequence,HHSoldier_StrafeLeft_Anim,A_HHSoldier_StrafeLeft,
"5 skeleton+anims (rename together, compile ABP)",Content/Oxi/Characters/HiddenHand/Soldier1/Animations,AnimSequence,HHSoldier_StrafeRight_Anim,A_HHSoldier_StrafeRight,
"5 skeleton+anims (rename together, compile ABP)",Content/Oxi/Characters/HiddenHand/Soldier1/Animations,AnimSequence,HiddenHand_Soldier_CouchSit_Anim,A_HiddenHand_Soldier_CouchSit,
"5 skeleton+anims (rename together, compile ABP)",Content/Oxi/Characters/HiddenHand/Soldier1/Animations,AnimSequence,HiddenHand_Soldier_Crawling_Anim_metarig_metarigAction,A_HiddenHand_Soldier_Crawling_Anim_metarig_metarigAction,
"5 skeleton+anims (rename together, compile ABP)",Content/Oxi/Characters/HiddenHand/Soldier1/Animations,AnimSequence,HiddenHand_Soldier_Crawling_Anim_metarig_metarigAction_001,A_HiddenHand_Soldier_Crawling_Anim_metarig_metarigAction_001,
"5 skeleton+anims (rename together, compile ABP)",Content/Oxi/Characters/HiddenHand/Soldier1/Blueprints,AnimBlueprint,HH_Soldier_AnimBP,ABP_HH_Soldier,
"5 skeleton+anims (rename together, compile ABP)",Content/Oxi/Characters/HiddenHand/Soldier1/Meshes,PhysicsAsset,HH_Soldier_Base_Physics,PHYS_HH_Soldier_Base_Physics,
"5 skeleton+anims (rename together, compile ABP)",Content/Oxi/Characters/HiddenHand/Soldier1/Meshes,Skeleton,HH_Soldier_Base_Skeleton,SKEL_HH_Soldier_Base,
"5 skeleton+anims (rename together, compile ABP)",Content/Oxi/Characters/Human/IcePickBase/Base,PhysicsAsset,IcePickBase_PhysicsAsset,PHYS_IcePickBase,
"5 skeleton+anims (rename together, compile ABP)",Content/Oxi/Characters/Human/IcePickBase/Base,Skeleton,IcePickBase_Skeleton,SKEL_IcePickBase,
"5 skeleton+anims (rename together, compile ABP)",Content/Oxi/Characters/Human/IcePickBase/FirstPerson,AnimBlueprint,Hands1P_AnimBP,ABP_Hands1P,
"5 skeleton+anims (rename together, compile ABP)",Content/Oxi/Characters/Human/IcePickBase/FirstPerson,AnimSequence,IcePickBody_Kick_Anim,A_IcePickBody_Kick,
"5 skeleton+anims (rename together, compile ABP)",Content/Oxi/Characters/Human/IcePickBase/FirstPerson,PhysicsAsset,IcePickBody_PhysicsAsset,PHYS_IcePickBody,
"5 skeleton+anims (rename together, compile ABP)",Content/Oxi/Characters/Human/IcePickBase/FirstPerson,Skeleton,IcePickBody_Skeleton,SKEL_IcePickBody,
"5 skeleton+anims (rename together, compile ABP)",Content/Oxi/Characters/Human/IcePickBase/FirstPerson,AnimSequence,IcePickHands_Death1_Anim_Armature_001_Armature_001Action_001,A_IcePickHands_Death1_Anim_Armature_001_Armature_001Action_001,
"5 skeleton+anims (rename together, compile ABP)",Content/Oxi/Characters/Human/IcePickBase/FirstPerson,PhysicsAsset,IcePickHands_Mesh_Physics,PHYS_IcePickHands_Mesh_Physics,
"5 skeleton+anims (rename together, compile ABP)",Content/Oxi/Characters/Human/IcePickBase/FirstPerson/Knife,AnimSequence,IcePickHands_Knife_Idle_Anim,A_IcePickHands_Knife_Idle,
"5 skeleton+anims (rename together, compile ABP)",Content/Oxi/Characters/Human/IcePickBase/FirstPerson/Materials,Skeleton,IcePickHands_Skeleton,SKEL_IcePickHands,
"5 skeleton+anims (rename together, compile ABP)",Content/Oxi/Characters/Human/IcePickBase/FirstPerson/NeedleSlam,PhysicsAsset,IcePick_NeedleHands_PhysicsAsset,PHYS_IcePick_NeedleHands,
"5 skeleton+anims (rename together, compile ABP)",Content/Oxi/Characters/Human/IcePickBase/FirstPerson/NeedleSlam,Skeleton,IcePick_NeedleHands_Skeleton,SKEL_IcePick_NeedleHands,
"5 skeleton+anims (rename together, compile ABP)",Content/Oxi/Characters/Human/IcePickBase/FirstPerson/NeedleSlam,AnimSequence,IcePick_NeedleSlam_Anim,A_IcePick_NeedleSlam,
"5 skeleton+anims (rename together, compile ABP)",Content/Oxi/Characters/Human/IcePickBase/FirstPerson/Pistol,AnimBlueprint,IcePickHands_Pistol_AnimBP,ABP_IcePickHands_Pistol,
"5 skeleton+anims (rename together, compile ABP)",Content/Oxi/Characters/Human/IcePickBase/FirstPerson/Pistol,AnimSequence,IcePickHands_Pistol_Fire_Anim,A_IcePickHands_Pistol_Fire,
"5 skeleton+anims (rename together, compile ABP)",Content/Oxi/Characters/Human/IcePickBase/FirstPerson/Pistol,AnimSequence,IcePickHands_Pistol_Idle_Anim,A_IcePickHands_Pistol_Idle,
"5 skeleton+anims (rename together, compile ABP)",Content/Oxi/Characters/Human/IcePickBase/FirstPerson/Pistol,AnimSequence,IcePickHands_Pistol_LowerWeapon_Anim,A_IcePickHands_Pistol_LowerWeapon,
"5 skeleton+anims (rename together, compile ABP)",Content/Oxi/Characters/Human/IcePickBase/FirstPerson/Pistol,AnimSequence,IcePickHands_Pistol_RaiseWeapon,A_IcePickHands_Pistol_RaiseWeapon,
"5 skeleton+anims (rename together, compile ABP)",Content/Oxi/Characters/Human/IcePickBase/FirstPerson/Pistol,AnimSequence,IcePickHands_Pistol_Reload_Anim,A_IcePickHands_Pistol_Reload,
"5 skeleton+anims (rename together, compile ABP)",Content/Oxi/Characters/Human/IcePickBase/FirstPerson/Pistol,AnimSequence,IcePickHands_Pistol_Run_Anim,A_IcePickHands_Pistol_Run,
"5 skeleton+anims (rename together, compile ABP)",Content/Oxi/Characters/Human/IcePickBase/FirstPerson/Shotty,AnimSequence,IcePickHands_DblShotty_Fire_Anim,A_IcePickHands_DblShotty_Fire,
"5 skeleton+anims (rename together, compile ABP)",Content/Oxi/Characters/Human/IcePickBase/FirstPerson/Shotty,AnimSequence,IcePickHands_DblShotty_Idle,A_IcePickHands_DblShotty_Idle,
"5 skeleton+anims (rename together, compile ABP)",Content/Oxi/Characters/Human/IcePickBase/FirstPerson/Shotty,AnimSequence,IcePickHands_DblShotty_LowerWeapon,A_IcePickHands_DblShotty_LowerWeapon,
"5 skeleton+anims (rename together, compile ABP)",Content/Oxi/Characters/Human/IcePickBase/FirstPerson/Shotty,AnimSequence,IcePickHands_DblShotty_Reload_Anim,A_IcePickHands_DblShotty_Reload,
"5 skeleton+anims (rename together, compile ABP)",Content/Oxi/Characters/NPCs/Animation,AnimSequence,BenchPress_Anim,A_BenchPress,
"5 skeleton+anims (rename together, compile ABP)",Content/Oxi/Environment/Destructibles/Barrels,PhysicsAsset,DestructibleBarrel_Damaged_PhysicsAsset,PHYS_DestructibleBarrel_Damaged,
"5 skeleton+anims (rename together, compile ABP)",Content/Oxi/Environment/Destructibles/Barrels,Skeleton,DestructibleBarrel_Damaged_Skeleton,SKEL_DestructibleBarrel_Damaged,
"5 skeleton+anims (rename together, compile ABP)",Content/Oxi/Environment/Destructibles/Crates/Crate1,PhysicsAsset,Crate1_Damaged_Physics,PHYS_Crate1_Damaged_Physics,
"5 skeleton+anims (rename together, compile ABP)",Content/Oxi/Environment/Destructibles/Crates/Crate1,Skeleton,Crate1_Damaged_Skel,SKEL_Crate1_Damaged,
"5 skeleton+anims (rename together, compile ABP)",Content/Oxi/Environment/Destructibles/Pillars/Subway,PhysicsAsset,SubwayPillar1_Phat,PHYS_SubwayPillar1_Phat,
"5 skeleton+anims (rename together, compile ABP)",Content/Oxi/Environment/Destructibles/Pillars/Subway,Skeleton,SubwayPillar1_Skeleton,SKEL_SubwayPillar1,
"5 skeleton+anims (rename together, compile ABP)",Content/Oxi/Environment/Subway/Trains,PhysicsAsset,RedLineTrain_SkelMesh_PhysicsAsset,PHYS_RedLineTrain_SkelMesh,
"5 skeleton+anims (rename together, compile ABP)",Content/Oxi/Environment/Subway/Trains,Skeleton,RedLineTrain_SkelMesh_Skeleton,SKEL_RedLineTrain_SkelMesh,
"5 skeleton+anims (rename together, compile ABP)",Content/Oxi/Environment/Subway/Trains,AnimBlueprint,RedLineTrain_SkelMesh_Skeleton_AnimBlueprint,ABP_RedLineTrain_SkelMesh_Skeleton_AnimBlueprint,
"5 skeleton+anims (rename together, compile ABP)",Content/Oxi/Environment/Subway/Trains/Animations,AnimSequence,RedLineTrain_1_OpenAllDoors_Anim,A_RedLineTrain_1_OpenAllDoors,
"5 skeleton+anims (rename together, compile ABP)",Content/Oxi/Environment/Subway/Trains/Animations,AnimSequence,RedLineTrain_Idle_Anim,A_RedLineTrain_Idle,
"5 skeleton+anims (rename together, compile ABP)",Content/Oxi/Environment/Subway/Trains/Animations,AnimSequence,RedLineTrain_OpenBackDoor_Anim,A_RedLineTrain_OpenBackDoor,
"5 skeleton+anims (rename together, compile ABP)",Content/Oxi/Environment/Subway/Trains/Animations,AnimSequence,RedLineTrain_OpenDoors_Anim,A_RedLineTrain_OpenDoors,
"5 skeleton+anims (rename together, compile ABP)",Content/Oxi/Environment/Subway/Trains/Animations,AnimSequence,RedLineTrain_OpenFrontDoor_Anim,A_RedLineTrain_OpenFrontDoor,
"5 skeleton+anims (rename together, compile ABP)",Content/Oxi/Media/Ads,PhysicsAsset,TVDisplay_PhysicsAsset,PHYS_TVDisplay,
"5 skeleton+anims (rename together, compile ABP)",Content/Oxi/Media/Ads,Skeleton,TVDisplay_Skeleton,SKEL_TVDisplay,
"5 skeleton+anims (rename together, compile ABP)",Content/Oxi/Vehicles/ElpWhip,PhysicsAsset,ElpWhip_Mesh_Physics,PHYS_ElpWhip_Mesh_Physics,
"5 skeleton+anims (rename together, compile ABP)",Content/Oxi/Vehicles/ElpWhip,Skeleton,ElpWhip_Mesh_Skeleton,SKEL_ElpWhip_Mesh,
"5 skeleton+anims (rename together, compile ABP)",Content/Oxi/Weapons,AnimBlueprint,BaseWeapon_AnimBP,ABP_BaseWeapon,
"5 skeleton+anims (rename together, compile ABP)",Content/Oxi/Weapons/EL_Pistol,PhysicsAsset,ELPistol_PhysicsAsset,PHYS_ELPistol,
"5 skeleton+anims (rename together, compile ABP)",Content/Oxi/Weapons/EL_Pistol,Skeleton,ELPistol_SK,SKEL_ELPistol,
"5 skeleton+anims (rename together, compile ABP)",Content/Oxi/Weapons/EL_Pistol/Anims,AnimSequence,ELPistol_Anim,A_ELPistol,
"5 skeleton+anims (rename together, compile ABP)",Content/Oxi/Weapons/EL_Pistol/Anims,AnimBlueprint,ELPistol_AnimBP,ABP_ELPistol,
"5 skeleton+anims (rename together, compile ABP)",Content/Oxi/Weapons/EL_Pistol/Anims,AnimSequence,ELPistol_DropClip_Anim,A_ELPistol_DropClip,
"5 skeleton+anims (rename together, compile ABP)",Content/Oxi/Weapons/EL_Rifle,AnimBlueprint,ElpRifle_AnimBP,ABP_ElpRifle,
"5 skeleton+anims (rename together, compile ABP)",Content/Oxi/Weapons/EL_Rifle,PhysicsAsset,ElpRifle_PhysicsAsset,PHYS_ElpRifle,
"5 skeleton+anims (rename together, compile ABP)",Content/Oxi/Weapons/EL_Rifle,Skeleton,ElpRifle_Skeleton,SKEL_ElpRifle,
"5 skeleton+anims (rename together, compile ABP)",Content/Oxi/Weapons/EL_Shotty,PhysicsAsset,DblShotty_Mesh_Physics,PHYS_DblShotty_Mesh_Physics,
"5 skeleton+anims (rename together, compile ABP)",Content/Oxi/Weapons/EL_Shotty,Skeleton,DblShotty_SK,SKEL_DblShotty,
"5 skeleton+anims (rename together, compile ABP)",Content/Oxi/Weapons/EL_Shotty/Anims,AnimBlueprint,DblShotty_AnimBP,ABP_DblShotty,
"5 skeleton+anims (rename together, compile ABP)",Content/Oxi/Weapons/EL_Shotty/Anims,AnimSequence,DoubleBarrelShotgun_Reload_Anim,A_DoubleBarrelShotgun_Reload,
"5 skeleton+anims (rename together, compile ABP)",Content/Oxi/Weapons/ElpKnife,Skeleton,ElpKnife_Skeleton,SKEL_ElpKnife,
"5 skeleton+anims (rename together, compile ABP)",Content/Oxi/Weapons/Rifles,AnimSequence,IcePickHands_Rifle_AutoFire_Anim,A_IcePickHands_Rifle_AutoFire,
"6 blueprints (optional, last)",Content/Oxi/Characters/HiddenHand/Chironex/Blueprints,Blueprint,Chironex_BP,BP_Chironex,
"6 blueprints (optional, last)",Content/Oxi/Characters/HiddenHand/Chironex/VFX/Blueprints,Blueprint,ChironexAGibs1_BP,BP_ChironexAGibs1,
"6 blueprints (optional, last)",Content/Oxi/Characters/HiddenHand/Chironex/VFX/Blueprints,Blueprint,ChironexAGibsBase_BP,BP_ChironexAGibsBase,
"6 blueprints (optional, last)",Content/Oxi/Characters/HiddenHand/Chironex/VFX/Blueprints,Blueprint,ChironexBaseBlood_FX,BP_ChironexBaseBlood_FX,
"6 blueprints (optional, last)",Content/Oxi/Characters/HiddenHand/Chironex/VFX/Blueprints,Blueprint,ChironexBloodDecal_FX,BP_ChironexBloodDecal_FX,
"6 blueprints (optional, last)",Content/Oxi/Characters/HiddenHand/Chironex/VFX/Blueprints,Blueprint,ChironexBloodDrip_BP,BP_ChironexBloodDrip,
"6 blueprints (optional, last)",Content/Oxi/Characters/HiddenHand/Chironex/VFX/Blueprints,Blueprint,ChironexTentacleBloodDecal_FX,BP_ChironexTentacleBloodDecal_FX,
"6 blueprints (optional, last)",Content/Oxi/Characters/HiddenHand/Chironex/VFX/Blueprints,Blueprint,ChironexTentacleImpact_FX,BP_ChironexTentacleImpact_FX,
"6 blueprints (optional, last)",Content/Oxi/Characters/HiddenHand/Chironex/VFX/Blueprints,Blueprint,ChironexTentacleSpray_FX,BP_ChironexTentacleSpray_FX,
"6 blueprints (optional, last)",Content/Oxi/Characters/HiddenHand/Soldier1/Blueprints,Blueprint,HH_Soldier1_BP,BP_HH_Soldier1,
"6 blueprints (optional, last)",Content/Oxi/Characters/Human/IcePickBase/FirstPerson,Blueprint,FirstPersonCharacter_BP,BP_FirstPersonCharacter,
"6 blueprints (optional, last)",Content/Oxi/Characters/Human/IcePickBase/FirstPerson,Blueprint,KickDoor_Notify,BP_KickDoor_Notify,
"6 blueprints (optional, last)",Content/Oxi/Characters/NPCs,Blueprint,ChatTrigger,BP_ChatTrigger,
"6 blueprints (optional, last)",Content/Oxi/Environment/Blockout/Subway,Blueprint,RedLine_Platform_CenterLight,BP_RedLine_Platform_CenterLight,
"6 blueprints (optional, last)",Content/Oxi/Environment/Blockout/Subway,Blueprint,RedLine_TunnelLight1_BP,BP_RedLine_TunnelLight1,
"6 blueprints (optional, last)",Content/Oxi/Environment/Destructibles/Barrels,Blueprint,DestructibleBarrel_BP,BP_DestructibleBarrel,
"6 blueprints (optional, last)",Content/Oxi/Environment/Destructibles/Crates/Crate1,Blueprint,CrateCover_BP,BP_CrateCover,
"6 blueprints (optional, last)",Content/Oxi/Environment/Destructibles/Pillars/Subway,Blueprint,ConcreteBreakFX_BP,BP_ConcreteBreakFX,
"6 blueprints (optional, last)",Content/Oxi/Environment/Destructibles/Pillars/Subway,Blueprint,SubwayPillar1_BP,BP_SubwayPillar1,
"6 blueprints (optional, last)",Content/Oxi/Environment/Lights,Blueprint,BaseLight_BP,BP_BaseLight,
"6 blueprints (optional, last)",Content/Oxi/Environment/Lights,Blueprint,FluorescentLight_1_BP,BP_FluorescentLight_1,
"6 blueprints (optional, last)",Content/Oxi/Environment/Lights,Blueprint,FluorescentLight_2_BP,BP_FluorescentLight_2,
"6 blueprints (optional, last)",Content/Oxi/Environment/Lights,Blueprint,LowEnd_PointFillLight_BP,BP_LowEnd_PointFillLight,
"6 blueprints (optional, last)",Content/Oxi/Environment/Lights,Blueprint,LowEnd_RectFillLight_BP,BP_LowEnd_RectFillLight,
"6 blueprints (optional, last)",Content/Oxi/Environment/MassAve/Buildings,Blueprint,MassAve_HouseRow_BP,BP_MassAve_HouseRow,
"6 blueprints (optional, last)",Content/Oxi/Environment/Props,Blueprint,Radio_Blueprint,BP_Radio,
"6 blueprints (optional, last)",Content/Oxi/Environment/Subway,Blueprint,GameLight_Blueprint,BP_GameLight,
"6 blueprints (optional, last)",Content/Oxi/Environment/Subway/Trains,Blueprint,RedlineTrain_BP,BP_RedlineTrain,
"6 blueprints (optional, last)",Content/Oxi/Gameplay/AISquad,Blueprint,BaseAIDriveByTrigger_BP,BP_BaseAIDriveByTrigger,
"6 blueprints (optional, last)",Content/Oxi/Gameplay/AISquad,Blueprint,BaseAISquadSpawnTrigger_BP,BP_BaseAISquadSpawnTrigger,
"6 blueprints (optional, last)",Content/Oxi/Gameplay/AISquad,Blueprint,BaseSquadBehavior_BP,BP_BaseSquadBehavior,
"6 blueprints (optional, last)",Content/Oxi/Gameplay/AISquad,Blueprint,BaseSquadMember_BP,BP_BaseSquadMember,
"6 blueprints (optional, last)",Content/Oxi/Gameplay/AISquad,Blueprint,BaseSquad_BP,BP_BaseSquad,
"6 blueprints (optional, last)",Content/Oxi/Gameplay/AISquad/Behaviors/LevelSpecific/Breach,Blueprint,SquadBehavior_Breach,BP_SquadBehavior_Breach,
"6 blueprints (optional, last)",Content/Oxi/Gameplay/AISquad/Behaviors/LevelSpecific/MassAve,Blueprint,SquadBehavior_MassAve,BP_SquadBehavior_MassAve,
"6 blueprints (optional, last)",Content/Oxi/Gameplay/AISquad/Behaviors/LevelSpecific/RedLine,Blueprint,SquadBehavior_RedLine1,BP_SquadBehavior_RedLine1,
"6 blueprints (optional, last)",Content/Oxi/Gameplay/AISquad/Behaviors/LevelSpecific/RedLine,Blueprint,SquadBehavior_RedLine2,BP_SquadBehavior_RedLine2,
"6 blueprints (optional, last)",Content/Oxi/Gameplay/AISquad/Behaviors/Test,Blueprint,SquadBehavior_Endless,BP_SquadBehavior_Endless,
"6 blueprints (optional, last)",Content/Oxi/Gameplay/AISquad/Squads,Blueprint,OxiSquad_AutoActivate,BP_OxiSquad_AutoActivate,
"6 blueprints (optional, last)",Content/Oxi/Gameplay/AISquad/Squads,Blueprint,OxiSquad_Endless,BP_OxiSquad_Endless,
"6 blueprints (optional, last)",Content/Oxi/Gameplay/Abilities,Blueprint,BaseAbility_BP,BP_BaseAbility,
"6 blueprints (optional, last)",Content/Oxi/Gameplay/Abilities,Blueprint,DashAbility_BP,BP_DashAbility,
"6 blueprints (optional, last)",Content/Oxi/Gameplay/CameraModifiers,Blueprint,ADS_CameraModifier,BP_ADS_CameraModifier,
"6 blueprints (optional, last)",Content/Oxi/Gameplay/Input,Blueprint,GamePadLook_Modifier,BP_GamePadLook_Modifier,
"6 blueprints (optional, last)",Content/Oxi/Gameplay/MiniGames/FlippinBirds,WidgetBlueprint,Browser,WBP_Browser,
"6 blueprints (optional, last)",Content/Oxi/Media/Ads,Blueprint,BreakableTVDisplay_BP,BP_BreakableTVDisplay,
"6 blueprints (optional, last)",Content/Oxi/UI/HUD,Blueprint,CameraEffectsManager_BP,BP_CameraEffectsManager,
"6 blueprints (optional, last)",Content/Oxi/UI/HUD,WidgetBlueprint,DamageIndicator_BP,WBP_DamageIndicator,
"6 blueprints (optional, last)",Content/Oxi/UI/HUD,WidgetBlueprint,FirstPersonHUD,WBP_FirstPersonHUD,
"6 blueprints (optional, last)",Content/Oxi/UI/HUD,WidgetBlueprint,PlayerUI,WBP_PlayerUI,
"6 blueprints (optional, last)",Content/Oxi/UI/HUD/Scopes/Widgets,WidgetBlueprint,PistolCrosshairs_Widget,WBP_PistolCrosshairs,
"6 blueprints (optional, last)",Content/Oxi/UI/HUD/Scopes/Widgets,WidgetBlueprint,RifleCrosshairsWidget_BP,WBP_RifleCrosshairsWidget,
"6 blueprints (optional, last)",Content/Oxi/UI/HUD/Scopes/Widgets,WidgetBlueprint,ShottyCrosshairs_Widget,WBP_ShottyCrosshairs,
"6 blueprints (optional, last)",Content/Oxi/VFX/Blueprints,Blueprint,HH_RArmGib_BP,BP_HH_RArmGib,
"6 blueprints (optional, last)",Content/Oxi/VFX/Blueprints,Blueprint,HH_RLegGib_BP,BP_HH_RLegGib,
"6 blueprints (optional, last)",Content/Oxi/VFX/Impact/Parallax,Blueprint,BaseImpactDecal_BP,BP_BaseImpactDecal,
"6 blueprints (optional, last)",Content/Oxi/VFX/Impact/Parallax,Blueprint,ConcreteImpactDecal_BP,BP_ConcreteImpactDecal,
"6 blueprints (optional, last)",Content/Oxi/VFX/Splatters,Blueprint,BloodSplatterFX,BP_BloodSplatterFX,
"6 blueprints (optional, last)",Content/Oxi/Vehicles/ElpWhip,Blueprint,ElpWhip_Mesh_BP,BP_ElpWhip_Mesh,
"6 blueprints (optional, last)",Content/Oxi/Vehicles/ElpWhip,Blueprint,ElpWhip_Trigger_BP,BP_ElpWhip_Trigger,
"6 blueprints (optional, last)",Content/Oxi/Weapons,WidgetBlueprint,BaseCrosshair_Widget,WBP_BaseCrosshair,
"6 blueprints (optional, last)",Content/Oxi/Weapons,Blueprint,BaseWeapon_BP,BP_BaseWeapon,
"6 blueprints (optional, last)",Content/Oxi/Weapons/EL_Pistol,Blueprint,ELPistol_BP,BP_ELPistol,
"6 blueprints (optional, last)",Content/Oxi/Weapons/EL_Pistol/Blueprints,Blueprint,ELPPistolShell_BP,BP_ELPPistolShell,
"6 blueprints (optional, last)",Content/Oxi/Weapons/EL_Pistol/Blueprints,Blueprint,ELPPistol_CameraShake,BP_ELPPistol_CameraShake,
"6 blueprints (optional, last)",Content/Oxi/Weapons/EL_Pistol/Blueprints,Blueprint,ELPistol_NPC_BP,BP_ELPistol_NPC,
"6 blueprints (optional, last)",Content/Oxi/Weapons/EL_Rifle,Blueprint,EL_Rifle_BP,BP_EL_Rifle,
"6 blueprints (optional, last)",Content/Oxi/Weapons/EL_Shotty,Blueprint,EL_Shotty_BP,BP_EL_Shotty,
"6 blueprints (optional, last)",Content/Oxi/Weapons/ElpKnife,Blueprint,ElpKnife_BP,BP_ElpKnife,
"6 blueprints (optional, last)",Content/Oxi/Weapons/FX,Blueprint,BulletTracer_BP,BP_BulletTracer,
